Compound_SMILES,Compound_InchiKeys,Compound_Name,UniProt_Id,Entrez_Gene_Symbol,DiscoveRx_Gene_Symbol
C[C@@H](OC1=C(N)N=CC(C2=C(C#N)N(C)N=C2C3)=C1)C4=CC(F)=CC=C4C(N3C)=O,IIXWYSCJSQVBQM-LLVKDONJSA-N,PFE-PKIS 10,Q9UM73,ALK,ALK
C[C@@H](OC1=C(N)N=CC(C2=C(C#N)N(C)N=C2C3)=C1)C4=CC(F)=CC=C4C(N3C)=O,IIXWYSCJSQVBQM-LLVKDONJSA-N,PFE-PKIS 10,Q9UIK4,DAPK2,DAPK2
C[C@@H](OC1=C(N)N=CC(C2=C(C#N)N(C)N=C2C3)=C1)C4=CC(F)=CC=C4C(N3C)=O,IIXWYSCJSQVBQM-LLVKDONJSA-N,PFE-PKIS 10,O15075,DCLK1,DCAMKL1
C[C@@H](OC1=C(N)N=CC(C2=C(C#N)N(C)N=C2C3)=C1)C4=CC(F)=CC=C4C(N3C)=O,IIXWYSCJSQVBQM-LLVKDONJSA-N,PFE-PKIS 10,Q8N568,DCLK2,DCAMKL2
C[C@@H](OC1=C(N)N=CC(C2=C(C#N)N(C)N=C2C3)=C1)C4=CC(F)=CC=C4C(N3C)=O,IIXWYSCJSQVBQM-LLVKDONJSA-N,PFE-PKIS 10,O15197,EPHB6,EPHB6
C[C@@H](OC1=C(N)N=CC(C2=C(C#N)N(C)N=C2C3)=C1)C4=CC(F)=CC=C4C(N3C)=O,IIXWYSCJSQVBQM-LLVKDONJSA-N,PFE-PKIS 10,Q05397,PTK2,FAK
C[C@@H](OC1=C(N)N=CC(C2=C(C#N)N(C)N=C2C3)=C1)C4=CC(F)=CC=C4C(N3C)=O,IIXWYSCJSQVBQM-LLVKDONJSA-N,PFE-PKIS 10,P16591,FER,FER
C[C@@H](OC1=C(N)N=CC(C2=C(C#N)N(C)N=C2C3)=C1)C4=CC(F)=CC=C4C(N3C)=O,IIXWYSCJSQVBQM-LLVKDONJSA-N,PFE-PKIS 10,P07332,FES,FES
C[C@@H](OC1=C(N)N=CC(C2=C(C#N)N(C)N=C2C3)=C1)C4=CC(F)=CC=C4C(N3C)=O,IIXWYSCJSQVBQM-LLVKDONJSA-N,PFE-PKIS 10,P42685,FRK,FRK
C[C@@H](OC1=C(N)N=CC(C2=C(C#N)N(C)N=C2C3)=C1)C4=CC(F)=CC=C4C(N3C)=O,IIXWYSCJSQVBQM-LLVKDONJSA-N,PFE-PKIS 10,Q15835,GRK1,GRK1
C[C@@H](OC1=C(N)N=CC(C2=C(C#N)N(C)N=C2C3)=C1)C4=CC(F)=CC=C4C(N3C)=O,IIXWYSCJSQVBQM-LLVKDONJSA-N,PFE-PKIS 10,Q8WTQ7,GRK7,GRK7
C[C@@H](OC1=C(N)N=CC(C2=C(C#N)N(C)N=C2C3)=C1)C4=CC(F)=CC=C4C(N3C)=O,IIXWYSCJSQVBQM-LLVKDONJSA-N,PFE-PKIS 10,O94804,STK10,LOK
C[C@@H](OC1=C(N)N=CC(C2=C(C#N)N(C)N=C2C3)=C1)C4=CC(F)=CC=C4C(N3C)=O,IIXWYSCJSQVBQM-LLVKDONJSA-N,PFE-PKIS 10,P29376,LTK,LTK
C[C@@H](OC1=C(N)N=CC(C2=C(C#N)N(C)N=C2C3)=C1)C4=CC(F)=CC=C4C(N3C)=O,IIXWYSCJSQVBQM-LLVKDONJSA-N,PFE-PKIS 10,P46734,MAP2K3,MEK3
C[C@@H](OC1=C(N)N=CC(C2=C(C#N)N(C)N=C2C3)=C1)C4=CC(F)=CC=C4C(N3C)=O,IIXWYSCJSQVBQM-LLVKDONJSA-N,PFE-PKIS 10,P15735,PHKG2,PHKG2
C[C@@H](OC1=C(N)N=CC(C2=C(C#N)N(C)N=C2C3)=C1)C4=CC(F)=CC=C4C(N3C)=O,IIXWYSCJSQVBQM-LLVKDONJSA-N,PFE-PKIS 10,O00444,PLK4,PLK4
C[C@@H](OC1=C(N)N=CC(C2=C(C#N)N(C)N=C2C3)=C1)C4=CC(F)=CC=C4C(N3C)=O,IIXWYSCJSQVBQM-LLVKDONJSA-N,PFE-PKIS 10,Q14289,PTK2B,PYK2
C[C@@H](OC1=C(N)N=CC(C2=C(C#N)N(C)N=C2C3)=C1)C4=CC(F)=CC=C4C(N3C)=O,IIXWYSCJSQVBQM-LLVKDONJSA-N,PFE-PKIS 10,Q6XUX3,DSTYK,RIPK5
C[C@@H](OC1=C(N)N=CC(C2=C(C#N)N(C)N=C2C3)=C1)C4=CC(F)=CC=C4C(N3C)=O,IIXWYSCJSQVBQM-LLVKDONJSA-N,PFE-PKIS 10,P08922,ROS1,ROS1
C[C@@H](OC1=C(N)N=CC(C2=C(C#N)N(C)N=C2C3)=C1)C4=CC(F)=CC=C4C(N3C)=O,IIXWYSCJSQVBQM-LLVKDONJSA-N,PFE-PKIS 10,Q9H2G2,SLK,SLK
C[C@@H](OC1=C(N)N=CC(C2=C(C#N)N(C)N=C2C3)=C1)C4=CC(F)=CC=C4C(N3C)=O,IIXWYSCJSQVBQM-LLVKDONJSA-N,PFE-PKIS 10,Q13470,TNK1,TNK1
C[C@@H](OC1=C(N)N=CC(C2=C(C#N)N(C)N=C2C3)=C1)C4=CC(F)=CC=C4C(N3C)=O,IIXWYSCJSQVBQM-LLVKDONJSA-N,PFE-PKIS 10,Q07912,TNK2,TNK2
C[C@@H](OC1=C(N)N=CC(C2=C(C#N)N(C)N=C2C3)=C1)C4=CC(F)=CC=C4C(N3C)=O,IIXWYSCJSQVBQM-LLVKDONJSA-N,PFE-PKIS 10,P04629,NTRK1,TRKA
C[C@@H](OC1=C(N)N=CC(C2=C(C#N)N(C)N=C2C3)=C1)C4=CC(F)=CC=C4C(N3C)=O,IIXWYSCJSQVBQM-LLVKDONJSA-N,PFE-PKIS 10,Q16620,NTRK2,TRKB
NC(C(C=C1)=CC=C1C2=CC3=NC=NC(SCC(O)=O)=C3S2)=O,MAUXTEABCSHUTA-UHFFFAOYSA-N,PFE-PKIS 14,Q96GD4,AURKB,AURKB
NC(C(C=C1)=CC=C1C2=CC3=NC=NC(SCC(O)=O)=C3S2)=O,MAUXTEABCSHUTA-UHFFFAOYSA-N,PFE-PKIS 14,Q8N5S9,CAMKK1,CAMKK1
NC(C(C=C1)=CC=C1C2=CC3=NC=NC(SCC(O)=O)=C3S2)=O,MAUXTEABCSHUTA-UHFFFAOYSA-N,PFE-PKIS 14,Q96RR4,CAMKK2,CAMKK2
NC(C(C=C1)=CC=C1C2=CC3=NC=NC(SCC(O)=O)=C3S2)=O,MAUXTEABCSHUTA-UHFFFAOYSA-N,PFE-PKIS 14,P49759,CLK1,CLK1
NC(C(C=C1)=CC=C1C2=CC3=NC=NC(SCC(O)=O)=C3S2)=O,MAUXTEABCSHUTA-UHFFFAOYSA-N,PFE-PKIS 14,Q9HAZ1,CLK4,CLK4
NC(C(C=C1)=CC=C1C2=CC3=NC=NC(SCC(O)=O)=C3S2)=O,MAUXTEABCSHUTA-UHFFFAOYSA-N,PFE-PKIS 14,P68400,CSNK2A1,CSNK2A1
NC(C(C=C1)=CC=C1C2=CC3=NC=NC(SCC(O)=O)=C3S2)=O,MAUXTEABCSHUTA-UHFFFAOYSA-N,PFE-PKIS 14,P19784,CSNK2A2,CSNK2A2
NC(C(C=C1)=CC=C1C2=CC3=NC=NC(SCC(O)=O)=C3S2)=O,MAUXTEABCSHUTA-UHFFFAOYSA-N,PFE-PKIS 14,Q9UEE5,STK17A,DRAK1
NC(C(C=C1)=CC=C1C2=CC3=NC=NC(SCC(O)=O)=C3S2)=O,MAUXTEABCSHUTA-UHFFFAOYSA-N,PFE-PKIS 14,O94768,STK17B,DRAK2
NC(C(C=C1)=CC=C1C2=CC3=NC=NC(SCC(O)=O)=C3S2)=O,MAUXTEABCSHUTA-UHFFFAOYSA-N,PFE-PKIS 14,Q13627,DYRK1A,DYRK1A
NC(C(C=C1)=CC=C1C2=CC3=NC=NC(SCC(O)=O)=C3S2)=O,MAUXTEABCSHUTA-UHFFFAOYSA-N,PFE-PKIS 14,Q86Z02,HIPK1,HIPK1
NC(C(C=C1)=CC=C1C2=CC3=NC=NC(SCC(O)=O)=C3S2)=O,MAUXTEABCSHUTA-UHFFFAOYSA-N,PFE-PKIS 14,Q9H2X6,HIPK2,HIPK2
NC(C(C=C1)=CC=C1C2=CC3=NC=NC(SCC(O)=O)=C3S2)=O,MAUXTEABCSHUTA-UHFFFAOYSA-N,PFE-PKIS 14,Q9H422,HIPK3,HIPK3
NC(C(C=C1)=CC=C1C2=CC3=NC=NC(SCC(O)=O)=C3S2)=O,MAUXTEABCSHUTA-UHFFFAOYSA-N,PFE-PKIS 14,Q8NE63,HIPK4,HIPK4
NC(C(C=C1)=CC=C1C2=CC3=NC=NC(SCC(O)=O)=C3S2)=O,MAUXTEABCSHUTA-UHFFFAOYSA-N,PFE-PKIS 14,P09619,PDGFRB,PDGFRB
NC(C(C=C1)=CC=C1C2=CC3=NC=NC(SCC(O)=O)=C3S2)=O,MAUXTEABCSHUTA-UHFFFAOYSA-N,PFE-PKIS 14,O60331,PIP5K1C,PIP5K1C
NC(C(C=C1)=CC=C1C2=CC3=NC=NC(SCC(O)=O)=C3S2)=O,MAUXTEABCSHUTA-UHFFFAOYSA-N,PFE-PKIS 14,P19525,EIF2AK2,PRKR
CS(C1=CC(CNC2=NC(NC3=CC=C(N(C(C)C)C(C4)=O)C4=C3)=NC=C2C(F)(F)F)=CC=C1)(=O)=O,OXZSOVAKZDHECN-UHFFFAOYSA-N,PFE-PKIS 18,O14965,AURKA,AURKA
CS(C1=CC(CNC2=NC(NC3=CC=C(N(C(C)C)C(C4)=O)C4=C3)=NC=C2C(F)(F)F)=CC=C1)(=O)=O,OXZSOVAKZDHECN-UHFFFAOYSA-N,PFE-PKIS 18,Q96GD4,AURKB,AURKB
CS(C1=CC(CNC2=NC(NC3=CC=C(N(C(C)C)C(C4)=O)C4=C3)=NC=C2C(F)(F)F)=CC=C1)(=O)=O,OXZSOVAKZDHECN-UHFFFAOYSA-N,PFE-PKIS 18,P19784,CSNK2A2,CSNK2A2
CS(C1=CC(CNC2=NC(NC3=CC=C(N(C(C)C)C(C4)=O)C4=C3)=NC=C2C(F)(F)F)=CC=C1)(=O)=O,OXZSOVAKZDHECN-UHFFFAOYSA-N,PFE-PKIS 18,O94768,STK17B,DRAK2
CS(C1=CC(CNC2=NC(NC3=CC=C(N(C(C)C)C(C4)=O)C4=C3)=NC=C2C(F)(F)F)=CC=C1)(=O)=O,OXZSOVAKZDHECN-UHFFFAOYSA-N,PFE-PKIS 18,Q05397,PTK2,FAK
CS(C1=CC(CNC2=NC(NC3=CC=C(N(C(C)C)C(C4)=O)C4=C3)=NC=C2C(F)(F)F)=CC=C1)(=O)=O,OXZSOVAKZDHECN-UHFFFAOYSA-N,PFE-PKIS 18,P36888,FLT3,FLT3
CS(C1=CC(CNC2=NC(NC3=CC=C(N(C(C)C)C(C4)=O)C4=C3)=NC=C2C(F)(F)F)=CC=C1)(=O)=O,OXZSOVAKZDHECN-UHFFFAOYSA-N,PFE-PKIS 18,P35916,FLT4,FLT4
CS(C1=CC(CNC2=NC(NC3=CC=C(N(C(C)C)C(C4)=O)C4=C3)=NC=C2C(F)(F)F)=CC=C1)(=O)=O,OXZSOVAKZDHECN-UHFFFAOYSA-N,PFE-PKIS 18,P23458,JAK1,JAK1(JH2domain-pseudokinase)
CS(C1=CC(CNC2=NC(NC3=CC=C(N(C(C)C)C(C4)=O)C4=C3)=NC=C2C(F)(F)F)=CC=C1)(=O)=O,OXZSOVAKZDHECN-UHFFFAOYSA-N,PFE-PKIS 18,O60674,JAK2,JAK2(JH1domain-catalytic)
CS(C1=CC(CNC2=NC(NC3=CC=C(N(C(C)C)C(C4)=O)C4=C3)=NC=C2C(F)(F)F)=CC=C1)(=O)=O,OXZSOVAKZDHECN-UHFFFAOYSA-N,PFE-PKIS 18,P52333,JAK3,JAK3(JH1domain-catalytic)
CS(C1=CC(CNC2=NC(NC3=CC=C(N(C(C)C)C(C4)=O)C4=C3)=NC=C2C(F)(F)F)=CC=C1)(=O)=O,OXZSOVAKZDHECN-UHFFFAOYSA-N,PFE-PKIS 18,P08581,MET,MET
CS(C1=CC(CNC2=NC(NC3=CC=C(N(C(C)C)C(C4)=O)C4=C3)=NC=C2C(F)(F)F)=CC=C1)(=O)=O,OXZSOVAKZDHECN-UHFFFAOYSA-N,PFE-PKIS 18,P80192,MAP3K9,MLK1
CS(C1=CC(CNC2=NC(NC3=CC=C(N(C(C)C)C(C4)=O)C4=C3)=NC=C2C(F)(F)F)=CC=C1)(=O)=O,OXZSOVAKZDHECN-UHFFFAOYSA-N,PFE-PKIS 18,Q02779,MAP3K10,MLK2
CS(C1=CC(CNC2=NC(NC3=CC=C(N(C(C)C)C(C4)=O)C4=C3)=NC=C2C(F)(F)F)=CC=C1)(=O)=O,OXZSOVAKZDHECN-UHFFFAOYSA-N,PFE-PKIS 18,Q16584,MAP3K11,MLK3
CS(C1=CC(CNC2=NC(NC3=CC=C(N(C(C)C)C(C4)=O)C4=C3)=NC=C2C(F)(F)F)=CC=C1)(=O)=O,OXZSOVAKZDHECN-UHFFFAOYSA-N,PFE-PKIS 18,Q16539,MAPK14,p38-alpha
CS(C1=CC(CNC2=NC(NC3=CC=C(N(C(C)C)C(C4)=O)C4=C3)=NC=C2C(F)(F)F)=CC=C1)(=O)=O,OXZSOVAKZDHECN-UHFFFAOYSA-N,PFE-PKIS 18,P07949,RET,RET
CS(C1=CC(CNC2=NC(NC3=CC=C(N(C(C)C)C(C4)=O)C4=C3)=NC=C2C(F)(F)F)=CC=C1)(=O)=O,OXZSOVAKZDHECN-UHFFFAOYSA-N,PFE-PKIS 18,O14730,RIOK3,RIOK3
CS(C1=CC(CNC2=NC(NC3=CC=C(N(C(C)C)C(C4)=O)C4=C3)=NC=C2C(F)(F)F)=CC=C1)(=O)=O,OXZSOVAKZDHECN-UHFFFAOYSA-N,PFE-PKIS 18,Q9H093,NUAK2,SNARK
CS(C1=CC(CNC2=NC(NC3=CC=C(N(C(C)C)C(C4)=O)C4=C3)=NC=C2C(F)(F)F)=CC=C1)(=O)=O,OXZSOVAKZDHECN-UHFFFAOYSA-N,PFE-PKIS 18,O75716,STK16,STK16
CS(C1=CC(CNC2=NC(NC3=CC=C(N(C(C)C)C(C4)=O)C4=C3)=NC=C2C(F)(F)F)=CC=C1)(=O)=O,OXZSOVAKZDHECN-UHFFFAOYSA-N,PFE-PKIS 18,P43405,SYK,SYK
CS(C1=CC(CNC2=NC(NC3=CC=C(N(C(C)C)C(C4)=O)C4=C3)=NC=C2C(F)(F)F)=CC=C1)(=O)=O,OXZSOVAKZDHECN-UHFFFAOYSA-N,PFE-PKIS 18,Q9UHD2,TBK1,TBK1
CS(C1=CC(CNC2=NC(NC3=CC=C(N(C(C)C)C(C4)=O)C4=C3)=NC=C2C(F)(F)F)=CC=C1)(=O)=O,OXZSOVAKZDHECN-UHFFFAOYSA-N,PFE-PKIS 18,P04629,NTRK1,TRKA
CS(C1=CC(CNC2=NC(NC3=CC=C(N(C(C)C)C(C4)=O)C4=C3)=NC=C2C(F)(F)F)=CC=C1)(=O)=O,OXZSOVAKZDHECN-UHFFFAOYSA-N,PFE-PKIS 18,Q16620,NTRK2,TRKB
CS(C1=CC(CNC2=NC(NC3=CC=C(N(C(C)C)C(C4)=O)C4=C3)=NC=C2C(F)(F)F)=CC=C1)(=O)=O,OXZSOVAKZDHECN-UHFFFAOYSA-N,PFE-PKIS 18,P33981,TTK,TTK
CS(C1=CC(CNC2=NC(NC3=CC=C(N(C(C)C)C(C4)=O)C4=C3)=NC=C2C(F)(F)F)=CC=C1)(=O)=O,OXZSOVAKZDHECN-UHFFFAOYSA-N,PFE-PKIS 18,P29597,TYK2,TYK2(JH1domain-catalytic)
CS(C1=CC(CNC2=NC(NC3=CC=C(N(C(C)C)C(C4)=O)C4=C3)=NC=C2C(F)(F)F)=CC=C1)(=O)=O,OXZSOVAKZDHECN-UHFFFAOYSA-N,PFE-PKIS 18,Q56UN5,MAP3K19,YSK4
COc1cc(Nc2ncc3N(C)C(=O)C(F)(F)CN(C4CCCC4)c3n2)ccc1C(=O)NC5CCN(C)CC5,JMBATVPHKFZTAF-UHFFFAOYSA-N,TPKI-30,Q8NI60,CABC1,ADCK3
COc1cc(Nc2ncc3N(C)C(=O)C(F)(F)CN(C4CCCC4)c3n2)ccc1C(=O)NC5CCN(C)CC5,JMBATVPHKFZTAF-UHFFFAOYSA-N,TPKI-30,O14965,AURKA,AURKA
COc1cc(Nc2ncc3N(C)C(=O)C(F)(F)CN(C4CCCC4)c3n2)ccc1C(=O)NC5CCN(C)CC5,JMBATVPHKFZTAF-UHFFFAOYSA-N,TPKI-30,Q13873,BMPR2,BMPR2
COc1cc(Nc2ncc3N(C)C(=O)C(F)(F)CN(C4CCCC4)c3n2)ccc1C(=O)NC5CCN(C)CC5,JMBATVPHKFZTAF-UHFFFAOYSA-N,TPKI-30,P51813,BMX,BMX
COc1cc(Nc2ncc3N(C)C(=O)C(F)(F)CN(C4CCCC4)c3n2)ccc1C(=O)NC5CCN(C)CC5,JMBATVPHKFZTAF-UHFFFAOYSA-N,TPKI-30,P22607,FGFR3,FGFR3
COc1cc(Nc2ncc3N(C)C(=O)C(F)(F)CN(C4CCCC4)c3n2)ccc1C(=O)NC5CCN(C)CC5,JMBATVPHKFZTAF-UHFFFAOYSA-N,TPKI-30,P52564,MAP2K6,MEK6
COc1cc(Nc2ncc3N(C)C(=O)C(F)(F)CN(C4CCCC4)c3n2)ccc1C(=O)NC5CCN(C)CC5,JMBATVPHKFZTAF-UHFFFAOYSA-N,TPKI-30,Q9Y6E0,STK24,MST3
COc1cc(Nc2ncc3N(C)C(=O)C(F)(F)CN(C4CCCC4)c3n2)ccc1C(=O)NC5CCN(C)CC5,JMBATVPHKFZTAF-UHFFFAOYSA-N,TPKI-30,Q96PY6,NEK1,NEK1
COc1cc(Nc2ncc3N(C)C(=O)C(F)(F)CN(C4CCCC4)c3n2)ccc1C(=O)NC5CCN(C)CC5,JMBATVPHKFZTAF-UHFFFAOYSA-N,TPKI-30,Q8IY84,MGC42105,NIM1
COc1cc(Nc2ncc3N(C)C(=O)C(F)(F)CN(C4CCCC4)c3n2)ccc1C(=O)NC5CCN(C)CC5,JMBATVPHKFZTAF-UHFFFAOYSA-N,TPKI-30,Q8TBX8,PIP4K2C,PIP5K2C
COc1cc(Nc2ncc3N(C)C(=O)C(F)(F)CN(C4CCCC4)c3n2)ccc1C(=O)NC5CCN(C)CC5,JMBATVPHKFZTAF-UHFFFAOYSA-N,TPKI-30,P53350,PLK1,PLK1
COc1cc(Nc2ncc3N(C)C(=O)C(F)(F)CN(C4CCCC4)c3n2)ccc1C(=O)NC5CCN(C)CC5,JMBATVPHKFZTAF-UHFFFAOYSA-N,TPKI-30,Q9NYY3,PLK2,PLK2
COc1cc(Nc2ncc3N(C)C(=O)C(F)(F)CN(C4CCCC4)c3n2)ccc1C(=O)NC5CCN(C)CC5,JMBATVPHKFZTAF-UHFFFAOYSA-N,TPKI-30,Q9H4B4,PLK3,PLK3
COc1cc(Nc2ncc3N(C)C(=O)C(F)(F)CN(C4CCCC4)c3n2)ccc1C(=O)NC5CCN(C)CC5,JMBATVPHKFZTAF-UHFFFAOYSA-N,TPKI-30,Q9H2G2,SLK,SLK
COc1cc(Nc2ncc3N(C)C(=O)C(F)(F)CN(C4CCCC4)c3n2)ccc1C(=O)NC5CCN(C)CC5,JMBATVPHKFZTAF-UHFFFAOYSA-N,TPKI-30,O75716,STK16,STK16
COc1cc(Nc2ncc3N(C)C(=O)C(F)(F)CN(C4CCCC4)c3n2)ccc1C(=O)NC5CCN(C)CC5,JMBATVPHKFZTAF-UHFFFAOYSA-N,TPKI-30,O00506,STK25,YSK1
CN1CCC(CC1)NC(=O)c2ccc(Nc3ncc4N(C)C(=O)C(F)(F)CN(C5CCCC5)c4n3)cc2C,WQQPBXGJFFKXKX-UHFFFAOYSA-N,TPKI-31,O14965,AURKA,AURKA
CN1CCC(CC1)NC(=O)c2ccc(Nc3ncc4N(C)C(=O)C(F)(F)CN(C5CCCC5)c4n3)cc2C,WQQPBXGJFFKXKX-UHFFFAOYSA-N,TPKI-31,Q9NSY1,BMP2K,BIKE
CN1CCC(CC1)NC(=O)c2ccc(Nc3ncc4N(C)C(=O)C(F)(F)CN(C5CCCC5)c4n3)cc2C,WQQPBXGJFFKXKX-UHFFFAOYSA-N,TPKI-31,P49760,CLK2,CLK2
CN1CCC(CC1)NC(=O)c2ccc(Nc3ncc4N(C)C(=O)C(F)(F)CN(C5CCCC5)c4n3)cc2C,WQQPBXGJFFKXKX-UHFFFAOYSA-N,TPKI-31,Q9C098,DCLK3,DCAMKL3
CN1CCC(CC1)NC(=O)c2ccc(Nc3ncc4N(C)C(=O)C(F)(F)CN(C5CCCC5)c4n3)cc2C,WQQPBXGJFFKXKX-UHFFFAOYSA-N,TPKI-31,O14976,GAK,GAK
CN1CCC(CC1)NC(=O)c2ccc(Nc3ncc4N(C)C(=O)C(F)(F)CN(C5CCCC5)c4n3)cc2C,WQQPBXGJFFKXKX-UHFFFAOYSA-N,TPKI-31,Q9P2K8,EIF2AK4,"GCN2(Kin.Dom.2,S808G)"
CN1CCC(CC1)NC(=O)c2ccc(Nc3ncc4N(C)C(=O)C(F)(F)CN(C5CCCC5)c4n3)cc2C,WQQPBXGJFFKXKX-UHFFFAOYSA-N,TPKI-31,P51617,IRAK1,IRAK1
CN1CCC(CC1)NC(=O)c2ccc(Nc3ncc4N(C)C(=O)C(F)(F)CN(C5CCCC5)c4n3)cc2C,WQQPBXGJFFKXKX-UHFFFAOYSA-N,TPKI-31,P23458,JAK1,JAK1(JH2domain-pseudokinase)
CN1CCC(CC1)NC(=O)c2ccc(Nc3ncc4N(C)C(=O)C(F)(F)CN(C5CCCC5)c4n3)cc2C,WQQPBXGJFFKXKX-UHFFFAOYSA-N,TPKI-31,Q9Y6R4,MAP3K4,MAP3K4
CN1CCC(CC1)NC(=O)c2ccc(Nc3ncc4N(C)C(=O)C(F)(F)CN(C5CCCC5)c4n3)cc2C,WQQPBXGJFFKXKX-UHFFFAOYSA-N,TPKI-31,P08581,MET,MET
CN1CCC(CC1)NC(=O)c2ccc(Nc3ncc4N(C)C(=O)C(F)(F)CN(C5CCCC5)c4n3)cc2C,WQQPBXGJFFKXKX-UHFFFAOYSA-N,TPKI-31,Q8IY84,MGC42105,NIM1
CN1CCC(CC1)NC(=O)c2ccc(Nc3ncc4N(C)C(=O)C(F)(F)CN(C5CCCC5)c4n3)cc2C,WQQPBXGJFFKXKX-UHFFFAOYSA-N,TPKI-31,P48736,PIK3CG,PIK3CG
CN1CCC(CC1)NC(=O)c2ccc(Nc3ncc4N(C)C(=O)C(F)(F)CN(C5CCCC5)c4n3)cc2C,WQQPBXGJFFKXKX-UHFFFAOYSA-N,TPKI-31,Q8TBX8,PIP4K2C,PIP5K2C
CN1CCC(CC1)NC(=O)c2ccc(Nc3ncc4N(C)C(=O)C(F)(F)CN(C5CCCC5)c4n3)cc2C,WQQPBXGJFFKXKX-UHFFFAOYSA-N,TPKI-31,P53350,PLK1,PLK1
CN1CCC(CC1)NC(=O)c2ccc(Nc3ncc4N(C)C(=O)C(F)(F)CN(C5CCCC5)c4n3)cc2C,WQQPBXGJFFKXKX-UHFFFAOYSA-N,TPKI-31,Q9NYY3,PLK2,PLK2
CN1CCC(CC1)NC(=O)c2ccc(Nc3ncc4N(C)C(=O)C(F)(F)CN(C5CCCC5)c4n3)cc2C,WQQPBXGJFFKXKX-UHFFFAOYSA-N,TPKI-31,Q9H4B4,PLK3,PLK3
CN1CCC(CC1)NC(=O)c2ccc(Nc3ncc4N(C)C(=O)C(F)(F)CN(C5CCCC5)c4n3)cc2C,WQQPBXGJFFKXKX-UHFFFAOYSA-N,TPKI-31,Q9BRS2,RIOK1,RIOK1
CN1CCC(CC1)NC(=O)c2ccc(Nc3ncc4N(C)C(=O)C(F)(F)CN(C5CCCC5)c4n3)cc2C,WQQPBXGJFFKXKX-UHFFFAOYSA-N,TPKI-31,O14730,RIOK3,RIOK3
CN1CCC(CC1)NC(=O)c2ccc(Nc3ncc4N(C)C(=O)C(F)(F)CN(C5CCCC5)c4n3)cc2C,WQQPBXGJFFKXKX-UHFFFAOYSA-N,TPKI-31,Q9H2G2,SLK,SLK
CN1CCC(CC1)NC(=O)c2ccc(Nc3ncc4N(C)C(=O)C(F)(F)CN(C5CCCC5)c4n3)cc2C,WQQPBXGJFFKXKX-UHFFFAOYSA-N,TPKI-31,O75716,STK16,STK16
CN1CCC(CC1)NC(=O)c2ccc(Nc3ncc4N(C)C(=O)C(F)(F)CN(C5CCCC5)c4n3)cc2C,WQQPBXGJFFKXKX-UHFFFAOYSA-N,TPKI-31,P29597,TYK2,TYK2(JH1domain-catalytic)
CN1CCC(CC1)NC(=O)c2ccc(Nc3ncc4N(C)C(=O)C(F)(F)CN(C5CCCC5)c4n3)cc2C,WQQPBXGJFFKXKX-UHFFFAOYSA-N,TPKI-31,Q56UN5,MAP3K19,YSK4
CC1=CC(=NN1C1=CC=CC=C1)C(=O)NC1=CC=C(OC2=NN3C=C(NC(=O)C4CC4)N=C3C=C2)C=C1,MZTUKIVBKFNLSN-UHFFFAOYSA-N,TPKI-35,P00519,ABL1,ABL1-phosphorylated
CC1=CC(=NN1C1=CC=CC=C1)C(=O)NC1=CC=C(OC2=NN3C=C(NC(=O)C4CC4)N=C3C=C2)C=C1,MZTUKIVBKFNLSN-UHFFFAOYSA-N,TPKI-35,P42684,ABL2,ABL2
CC1=CC(=NN1C1=CC=CC=C1)C(=O)NC1=CC=C(OC2=NN3C=C(NC(=O)C4CC4)N=C3C=C2)C=C1,MZTUKIVBKFNLSN-UHFFFAOYSA-N,TPKI-35,Q92772,CDKL2,CDKL2
CC1=CC(=NN1C1=CC=CC=C1)C(=O)NC1=CC=C(OC2=NN3C=C(NC(=O)C4CC4)N=C3C=C2)C=C1,MZTUKIVBKFNLSN-UHFFFAOYSA-N,TPKI-35,P07333,CSF1R,CSF1R
CC1=CC(=NN1C1=CC=CC=C1)C(=O)NC1=CC=C(OC2=NN3C=C(NC(=O)C4CC4)N=C3C=C2)C=C1,MZTUKIVBKFNLSN-UHFFFAOYSA-N,TPKI-35,Q08345,DDR1,DDR1
CC1=CC(=NN1C1=CC=CC=C1)C(=O)NC1=CC=C(OC2=NN3C=C(NC(=O)C4CC4)N=C3C=C2)C=C1,MZTUKIVBKFNLSN-UHFFFAOYSA-N,TPKI-35,Q16832,DDR2,DDR2
CC1=CC(=NN1C1=CC=CC=C1)C(=O)NC1=CC=C(OC2=NN3C=C(NC(=O)C4CC4)N=C3C=C2)C=C1,MZTUKIVBKFNLSN-UHFFFAOYSA-N,TPKI-35,O15197,EPHB6,EPHB6
CC1=CC(=NN1C1=CC=CC=C1)C(=O)NC1=CC=C(OC2=NN3C=C(NC(=O)C4CC4)N=C3C=C2)C=C1,MZTUKIVBKFNLSN-UHFFFAOYSA-N,TPKI-35,P21860,ERBB3,ERBB3
CC1=CC(=NN1C1=CC=CC=C1)C(=O)NC1=CC=C(OC2=NN3C=C(NC(=O)C4CC4)N=C3C=C2)C=C1,MZTUKIVBKFNLSN-UHFFFAOYSA-N,TPKI-35,P17948,FLT1,FLT1
CC1=CC(=NN1C1=CC=CC=C1)C(=O)NC1=CC=C(OC2=NN3C=C(NC(=O)C4CC4)N=C3C=C2)C=C1,MZTUKIVBKFNLSN-UHFFFAOYSA-N,TPKI-35,P36888,FLT3,FLT3
CC1=CC(=NN1C1=CC=CC=C1)C(=O)NC1=CC=C(OC2=NN3C=C(NC(=O)C4CC4)N=C3C=C2)C=C1,MZTUKIVBKFNLSN-UHFFFAOYSA-N,TPKI-35,P35916,FLT4,FLT4
CC1=CC(=NN1C1=CC=CC=C1)C(=O)NC1=CC=C(OC2=NN3C=C(NC(=O)C4CC4)N=C3C=C2)C=C1,MZTUKIVBKFNLSN-UHFFFAOYSA-N,TPKI-35,P10721,KIT,KIT
CC1=CC(=NN1C1=CC=CC=C1)C(=O)NC1=CC=C(OC2=NN3C=C(NC(=O)C4CC4)N=C3C=C2)C=C1,MZTUKIVBKFNLSN-UHFFFAOYSA-N,TPKI-35,P06239,LCK,LCK
CC1=CC(=NN1C1=CC=CC=C1)C(=O)NC1=CC=C(OC2=NN3C=C(NC(=O)C4CC4)N=C3C=C2)C=C1,MZTUKIVBKFNLSN-UHFFFAOYSA-N,TPKI-35,O94804,STK10,LOK
CC1=CC(=NN1C1=CC=CC=C1)C(=O)NC1=CC=C(OC2=NN3C=C(NC(=O)C4CC4)N=C3C=C2)C=C1,MZTUKIVBKFNLSN-UHFFFAOYSA-N,TPKI-35,Q13163,MAP2K5,MEK5
CC1=CC(=NN1C1=CC=CC=C1)C(=O)NC1=CC=C(OC2=NN3C=C(NC(=O)C4CC4)N=C3C=C2)C=C1,MZTUKIVBKFNLSN-UHFFFAOYSA-N,TPKI-35,Q12866,MERTK,MERTK
CC1=CC(=NN1C1=CC=CC=C1)C(=O)NC1=CC=C(OC2=NN3C=C(NC(=O)C4CC4)N=C3C=C2)C=C1,MZTUKIVBKFNLSN-UHFFFAOYSA-N,TPKI-35,P08581,MET,MET
CC1=CC(=NN1C1=CC=CC=C1)C(=O)NC1=CC=C(OC2=NN3C=C(NC(=O)C4CC4)N=C3C=C2)C=C1,MZTUKIVBKFNLSN-UHFFFAOYSA-N,TPKI-35,P16234,PDGFRA,PDGFRA
CC1=CC(=NN1C1=CC=CC=C1)C(=O)NC1=CC=C(OC2=NN3C=C(NC(=O)C4CC4)N=C3C=C2)C=C1,MZTUKIVBKFNLSN-UHFFFAOYSA-N,TPKI-35,P09619,PDGFRB,PDGFRB
CC1=CC(=NN1C1=CC=CC=C1)C(=O)NC1=CC=C(OC2=NN3C=C(NC(=O)C4CC4)N=C3C=C2)C=C1,MZTUKIVBKFNLSN-UHFFFAOYSA-N,TPKI-35,P07949,RET,RET
CC1=CC(=NN1C1=CC=CC=C1)C(=O)NC1=CC=C(OC2=NN3C=C(NC(=O)C4CC4)N=C3C=C2)C=C1,MZTUKIVBKFNLSN-UHFFFAOYSA-N,TPKI-35,P35590,TIE1,TIE1
CC1=CC(=NN1C1=CC=CC=C1)C(=O)NC1=CC=C(OC2=NN3C=C(NC(=O)C4CC4)N=C3C=C2)C=C1,MZTUKIVBKFNLSN-UHFFFAOYSA-N,TPKI-35,P04629,NTRK1,TRKA
NC1=C(C2=CC=C(NC(NC3=CC=CC(C)=C3)=O)C=C2)C=NC4=C(Br)C=NN41,GXRCQVMXTRWVSJ-UHFFFAOYSA-N,AKI00000050a,P51451,BLK,BLK
NC1=C(C2=CC=C(NC(NC3=CC=CC(C)=C3)=O)C=C2)C=NC4=C(Br)C=NN41,GXRCQVMXTRWVSJ-UHFFFAOYSA-N,AKI00000050a,Q6P2M8,PNCK,CAMK1B
NC1=C(C2=CC=C(NC(NC3=CC=CC(C)=C3)=O)C=C2)C=NC4=C(Br)C=NN41,GXRCQVMXTRWVSJ-UHFFFAOYSA-N,AKI00000050a,P07333,CSF1R,CSF1R
NC1=C(C2=CC=C(NC(NC3=CC=CC(C)=C3)=O)C=C2)C=NC4=C(Br)C=NN41,GXRCQVMXTRWVSJ-UHFFFAOYSA-N,AKI00000050a,P48729,CSNK1A1,CSNK1A1
NC1=C(C2=CC=C(NC(NC3=CC=CC(C)=C3)=O)C=C2)C=NC4=C(Br)C=NN41,GXRCQVMXTRWVSJ-UHFFFAOYSA-N,AKI00000050a,P48730,CSNK1D,CSNK1D
NC1=C(C2=CC=C(NC(NC3=CC=CC(C)=C3)=O)C=C2)C=NC4=C(Br)C=NN41,GXRCQVMXTRWVSJ-UHFFFAOYSA-N,AKI00000050a,P49674,CSNK1E,CSNK1E
NC1=C(C2=CC=C(NC(NC3=CC=CC(C)=C3)=O)C=C2)C=NC4=C(Br)C=NN41,GXRCQVMXTRWVSJ-UHFFFAOYSA-N,AKI00000050a,Q9C098,DCLK3,DCAMKL3
NC1=C(C2=CC=C(NC(NC3=CC=CC(C)=C3)=O)C=C2)C=NC4=C(Br)C=NN41,GXRCQVMXTRWVSJ-UHFFFAOYSA-N,AKI00000050a,Q08345,DDR1,DDR1
NC1=C(C2=CC=C(NC(NC3=CC=CC(C)=C3)=O)C=C2)C=NC4=C(Br)C=NN41,GXRCQVMXTRWVSJ-UHFFFAOYSA-N,AKI00000050a,Q16832,DDR2,DDR2
NC1=C(C2=CC=C(NC(NC3=CC=CC(C)=C3)=O)C=C2)C=NC4=C(Br)C=NN41,GXRCQVMXTRWVSJ-UHFFFAOYSA-N,AKI00000050a,Q9Y463,DYRK1B,DYRK1B
NC1=C(C2=CC=C(NC(NC3=CC=CC(C)=C3)=O)C=C2)C=NC4=C(Br)C=NN41,GXRCQVMXTRWVSJ-UHFFFAOYSA-N,AKI00000050a,O15197,EPHB6,EPHB6
NC1=C(C2=CC=C(NC(NC3=CC=CC(C)=C3)=O)C=C2)C=NC4=C(Br)C=NN41,GXRCQVMXTRWVSJ-UHFFFAOYSA-N,AKI00000050a,P36888,FLT3,FLT3
NC1=C(C2=CC=C(NC(NC3=CC=CC(C)=C3)=O)C=C2)C=NC4=C(Br)C=NN41,GXRCQVMXTRWVSJ-UHFFFAOYSA-N,AKI00000050a,P35916,FLT4,FLT4
NC1=C(C2=CC=C(NC(NC3=CC=CC(C)=C3)=O)C=C2)C=NC4=C(Br)C=NN41,GXRCQVMXTRWVSJ-UHFFFAOYSA-N,AKI00000050a,P25098,ADRBK1,GRK2
NC1=C(C2=CC=C(NC(NC3=CC=CC(C)=C3)=O)C=C2)C=NC4=C(Br)C=NN41,GXRCQVMXTRWVSJ-UHFFFAOYSA-N,AKI00000050a,P10721,KIT,KIT
NC1=C(C2=CC=C(NC(NC3=CC=CC(C)=C3)=O)C=C2)C=NC4=C(Br)C=NN41,GXRCQVMXTRWVSJ-UHFFFAOYSA-N,AKI00000050a,P06239,LCK,LCK
NC1=C(C2=CC=C(NC(NC3=CC=CC(C)=C3)=O)C=C2)C=NC4=C(Br)C=NN41,GXRCQVMXTRWVSJ-UHFFFAOYSA-N,AKI00000050a,P49137,MAPKAPK2,MAPKAPK2
NC1=C(C2=CC=C(NC(NC3=CC=CC(C)=C3)=O)C=C2)C=NC4=C(Br)C=NN41,GXRCQVMXTRWVSJ-UHFFFAOYSA-N,AKI00000050a,Q13163,MAP2K5,MEK5
NC1=C(C2=CC=C(NC(NC3=CC=CC(C)=C3)=O)C=C2)C=NC4=C(Br)C=NN41,GXRCQVMXTRWVSJ-UHFFFAOYSA-N,AKI00000050a,Q9H1R3,MYLK2,MYLK2
NC1=C(C2=CC=C(NC(NC3=CC=CC(C)=C3)=O)C=C2)C=NC4=C(Br)C=NN41,GXRCQVMXTRWVSJ-UHFFFAOYSA-N,AKI00000050a,P16234,PDGFRA,PDGFRA
NC1=C(C2=CC=C(NC(NC3=CC=CC(C)=C3)=O)C=C2)C=NC4=C(Br)C=NN41,GXRCQVMXTRWVSJ-UHFFFAOYSA-N,AKI00000050a,P09619,PDGFRB,PDGFRB
NC1=C(C2=CC=C(NC(NC3=CC=CC(C)=C3)=O)C=C2)C=NC4=C(Br)C=NN41,GXRCQVMXTRWVSJ-UHFFFAOYSA-N,AKI00000050a,P07949,RET,RET
NC1=C(C2=CC=C(NC(NC3=CC=CC(C)=C3)=O)C=C2)C=NC4=C(Br)C=NN41,GXRCQVMXTRWVSJ-UHFFFAOYSA-N,AKI00000050a,O00141,SGK1,SGK
NC1=C(C2=CC=C(NC(NC3=CC=CC(C)=C3)=O)C=C2)C=NC4=C(Br)C=NN41,GXRCQVMXTRWVSJ-UHFFFAOYSA-N,AKI00000050a,Q16288,NTRK3,TRKC
NC1=C(C2=CC=C(NC(NC3=CC=CC(C)=C3)=O)C=C2)C=NC4=C(Br)C=NN41,GXRCQVMXTRWVSJ-UHFFFAOYSA-N,AKI00000050a,P35968,KDR,VEGFR2
CC1=CC=CC(C2=C(N(C=CN=C3)C3=N2)C4=CC=NC(NC5CCCCC5)=N4)=C1,WVTJDZKJXWDTPS-UHFFFAOYSA-N,AKI00000063a,Q8NI60,CABC1,ADCK3
CC1=CC=CC(C2=C(N(C=CN=C3)C3=N2)C4=CC=NC(NC5CCCCC5)=N4)=C1,WVTJDZKJXWDTPS-UHFFFAOYSA-N,AKI00000063a,O43683,BUB1,BUB1
CC1=CC=CC(C2=C(N(C=CN=C3)C3=N2)C4=CC=NC(NC5CCCCC5)=N4)=C1,WVTJDZKJXWDTPS-UHFFFAOYSA-N,AKI00000063a,Q6P2M8,PNCK,CAMK1B
CC1=CC=CC(C2=C(N(C=CN=C3)C3=N2)C4=CC=NC(NC5CCCCC5)=N4)=C1,WVTJDZKJXWDTPS-UHFFFAOYSA-N,AKI00000063a,P48730,CSNK1D,CSNK1D
CC1=CC=CC(C2=C(N(C=CN=C3)C3=N2)C4=CC=NC(NC5CCCCC5)=N4)=C1,WVTJDZKJXWDTPS-UHFFFAOYSA-N,AKI00000063a,P49674,CSNK1E,CSNK1E
CC1=CC=CC(C2=C(N(C=CN=C3)C3=N2)C4=CC=NC(NC5CCCCC5)=N4)=C1,WVTJDZKJXWDTPS-UHFFFAOYSA-N,AKI00000063a,O14976,GAK,GAK
CC1=CC=CC(C2=C(N(C=CN=C3)C3=N2)C4=CC=NC(NC5CCCCC5)=N4)=C1,WVTJDZKJXWDTPS-UHFFFAOYSA-N,AKI00000063a,P45983,MAPK8,JNK1
CC1=CC=CC(C2=C(N(C=CN=C3)C3=N2)C4=CC=NC(NC5CCCCC5)=N4)=C1,WVTJDZKJXWDTPS-UHFFFAOYSA-N,AKI00000063a,P45984,MAPK9,JNK2
CC1=CC=CC(C2=C(N(C=CN=C3)C3=N2)C4=CC=NC(NC5CCCCC5)=N4)=C1,WVTJDZKJXWDTPS-UHFFFAOYSA-N,AKI00000063a,P53779,MAPK10,JNK3
CC1=CC=CC(C2=C(N(C=CN=C3)C3=N2)C4=CC=NC(NC5CCCCC5)=N4)=C1,WVTJDZKJXWDTPS-UHFFFAOYSA-N,AKI00000063a,P45985,MAP2K4,MEK4
CC1=CC=CC(C2=C(N(C=CN=C3)C3=N2)C4=CC=NC(NC5CCCCC5)=N4)=C1,WVTJDZKJXWDTPS-UHFFFAOYSA-N,AKI00000063a,Q9UBE8,NLK,NLK
CC1=CC=CC(C2=C(N(C=CN=C3)C3=N2)C4=CC=NC(NC5CCCCC5)=N4)=C1,WVTJDZKJXWDTPS-UHFFFAOYSA-N,AKI00000063a,Q16539,MAPK14,p38-alpha
CC1=CC=CC(C2=C(N(C=CN=C3)C3=N2)C4=CC=NC(NC5CCCCC5)=N4)=C1,WVTJDZKJXWDTPS-UHFFFAOYSA-N,AKI00000063a,Q15759,MAPK11,p38-beta
CC1=CC=CC(C2=C(N(C=CN=C3)C3=N2)C4=CC=NC(NC5CCCCC5)=N4)=C1,WVTJDZKJXWDTPS-UHFFFAOYSA-N,AKI00000063a,Q9BZL6,PRKD2,PRKD2
CC1=CC=CC(C2=C(N(C=CN=C3)C3=N2)C4=CC=NC(NC5CCCCC5)=N4)=C1,WVTJDZKJXWDTPS-UHFFFAOYSA-N,AKI00000063a,Q15418,RPS6KA1,RSK1(Kin.Dom.2-C-terminal)
CC1=CC=CC(C2=C(N(C=CN=C3)C3=N2)C4=CC=NC(NC5CCCCC5)=N4)=C1,WVTJDZKJXWDTPS-UHFFFAOYSA-N,AKI00000063a,Q9UK32,RPS6KA6,RSK4(Kin.Dom.2-C-terminal)
CC1=CC=CC(C2=C(N(C=CN=C3)C3=N2)C4=CC=NC(NC5CCCCC5)=N4)=C1,WVTJDZKJXWDTPS-UHFFFAOYSA-N,AKI00000063a,Q9NRP7,STK36,STK36
CC1=CC=CC(C2=C(N(C=CN=C3)C3=N2)C4=CC=NC(NC5CCCCC5)=N4)=C1,WVTJDZKJXWDTPS-UHFFFAOYSA-N,AKI00000063a,Q9NYL2,ZAK,ZAK
O=C(NC1=C2C(C(F)=CC=C2)=NC=C1)NC3=NC=CN=C3,NSDIHUXUFJHXRA-UHFFFAOYSA-N,AKI00000070a,P11802,CDK4,CDK4-cyclinD1
O=C(NC1=C2C(C(F)=CC=C2)=NC=C1)NC3=NC=CN=C3,NSDIHUXUFJHXRA-UHFFFAOYSA-N,AKI00000070a,P11802,CDK4,CDK4-cyclinD3
O=C(NC1=C2C(C(F)=CC=C2)=NC=C1)NC3=NC=CN=C3,NSDIHUXUFJHXRA-UHFFFAOYSA-N,AKI00000070a,P50613,CDK7,CDK7
O=C(NC1=C2C(C(F)=CC=C2)=NC=C1)NC3=NC=CN=C3,NSDIHUXUFJHXRA-UHFFFAOYSA-N,AKI00000070a,O76039,CDKL5,CDKL5
O=C(NC1=C2C(C(F)=CC=C2)=NC=C1)NC3=NC=CN=C3,NSDIHUXUFJHXRA-UHFFFAOYSA-N,AKI00000070a,P48729,CSNK1A1,CSNK1A1
O=C(NC1=C2C(C(F)=CC=C2)=NC=C1)NC3=NC=CN=C3,NSDIHUXUFJHXRA-UHFFFAOYSA-N,AKI00000070a,P19784,CSNK2A2,CSNK2A2
O=C(NC1=C2C(C(F)=CC=C2)=NC=C1)NC3=NC=CN=C3,NSDIHUXUFJHXRA-UHFFFAOYSA-N,AKI00000070a,Q13627,DYRK1A,DYRK1A
O=C(NC1=C2C(C(F)=CC=C2)=NC=C1)NC3=NC=CN=C3,NSDIHUXUFJHXRA-UHFFFAOYSA-N,AKI00000070a,Q8TD08,MAPK15,ERK8
O=C(NC1=C2C(C(F)=CC=C2)=NC=C1)NC3=NC=CN=C3,NSDIHUXUFJHXRA-UHFFFAOYSA-N,AKI00000070a,P49840,GSK3A,GSK3A
O=C(NC1=C2C(C(F)=CC=C2)=NC=C1)NC3=NC=CN=C3,NSDIHUXUFJHXRA-UHFFFAOYSA-N,AKI00000070a,P49841,GSK3B,GSK3B
O=C(NC1=C2C(C(F)=CC=C2)=NC=C1)NC3=NC=CN=C3,NSDIHUXUFJHXRA-UHFFFAOYSA-N,AKI00000070a,Q86Z02,HIPK1,HIPK1
O=C(NC1=C2C(C(F)=CC=C2)=NC=C1)NC3=NC=CN=C3,NSDIHUXUFJHXRA-UHFFFAOYSA-N,AKI00000070a,Q9Y6R4,MAP3K4,MAP3K4
O=C(NC1=C2C(C(F)=CC=C2)=NC=C1)NC3=NC=CN=C3,NSDIHUXUFJHXRA-UHFFFAOYSA-N,AKI00000070a,Q9NRP7,STK36,STK36
O=C(NC1=C2C(C(F)=CC=C2)=NC=C1)NC3=NC=CN=C3,NSDIHUXUFJHXRA-UHFFFAOYSA-N,AKI00000070a,P37173,TGFBR2,TGFBR2
O=C(NC1=C2C(C(F)=CC=C2)=NC=C1)NC3=NC=CN=C3,NSDIHUXUFJHXRA-UHFFFAOYSA-N,AKI00000070a,P29597,TYK2,TYK2(JH2domain-pseudokinase)
O=C(NC1=C2C(C(F)=CC=C2)=NC=C1)NC3=NC=CN=C3,NSDIHUXUFJHXRA-UHFFFAOYSA-N,AKI00000070a,Q56UN5,MAP3K19,YSK4
OC(C1=CC2=C(C3=CC(C4=CC=CC=C4)=CC=C3)C=NC=C2S1)=O,FHBDMVQPDQSYLR-UHFFFAOYSA-N,AKI00000074a,Q9BWU1,CDK19,CDK11
OC(C1=CC2=C(C3=CC(C4=CC=CC=C4)=CC=C3)C=NC=C2S1)=O,FHBDMVQPDQSYLR-UHFFFAOYSA-N,AKI00000074a,P49336,CDK8,CDK8
OC(C1=CC2=C(C3=CC(C4=CC=CC=C4)=CC=C3)C=NC=C2S1)=O,FHBDMVQPDQSYLR-UHFFFAOYSA-N,AKI00000074a,P53355,DAPK1,DAPK1
OC(C1=CC2=C(C3=CC(C4=CC=CC=C4)=CC=C3)C=NC=C2S1)=O,FHBDMVQPDQSYLR-UHFFFAOYSA-N,AKI00000074a,Q9UIK4,DAPK2,DAPK2
OC(C1=CC2=C(C3=CC(C4=CC=CC=C4)=CC=C3)C=NC=C2S1)=O,FHBDMVQPDQSYLR-UHFFFAOYSA-N,AKI00000074a,O43293,DAPK3,DAPK3
OC(C1=CC2=C(C3=CC(C4=CC=CC=C4)=CC=C3)C=NC=C2S1)=O,FHBDMVQPDQSYLR-UHFFFAOYSA-N,AKI00000074a,Q86Z02,HIPK1,HIPK1
OC(C1=CC2=C(C3=CC(C4=CC=CC=C4)=CC=C3)C=NC=C2S1)=O,FHBDMVQPDQSYLR-UHFFFAOYSA-N,AKI00000074a,Q9H2X6,HIPK2,HIPK2
OC(C1=CC2=C(C3=CC(C4=CC=CC=C4)=CC=C3)C=NC=C2S1)=O,FHBDMVQPDQSYLR-UHFFFAOYSA-N,AKI00000074a,Q9H422,HIPK3,HIPK3
OC(C1=CC2=C(C3=CC(C4=CC=CC=C4)=CC=C3)C=NC=C2S1)=O,FHBDMVQPDQSYLR-UHFFFAOYSA-N,AKI00000074a,Q8NE63,HIPK4,HIPK4
OC(C1=CC2=C(C3=CC(C4=CC=CC=C4)=CC=C3)C=NC=C2S1)=O,FHBDMVQPDQSYLR-UHFFFAOYSA-N,AKI00000074a,Q13163,MAP2K5,MEK5
OC(C1=CC2=C(C3=CC(C4=CC=CC=C4)=CC=C3)C=NC=C2S1)=O,FHBDMVQPDQSYLR-UHFFFAOYSA-N,AKI00000074a,Q9Y2I7,PIKFYVE,PIKFYVE
O=C1C2=C(C(C3=CC=CC=N3)=NN1C4=C(Cl)C=NC=C4Cl)N=C(NC5=CC=C(N6CCN(C)CC6)C=C5)N=C2,BYOVZPSNQRPTQJ-UHFFFAOYSA-N,AKI00000021a,Q08345,DDR1,DDR1
O=C1C2=C(C(C3=CC=CC=N3)=NN1C4=C(Cl)C=NC=C4Cl)N=C(NC5=CC=C(N6CCN(C)CC6)C=C5)N=C2,BYOVZPSNQRPTQJ-UHFFFAOYSA-N,AKI00000021a,Q16832,DDR2,DDR2
O=C1C2=C(C(C3=CC=CC=N3)=NN1C4=C(Cl)C=NC=C4Cl)N=C(NC5=CC=C(N6CCN(C)CC6)C=C5)N=C2,BYOVZPSNQRPTQJ-UHFFFAOYSA-N,AKI00000021a,Q9P2K8,EIF2AK4,"GCN2(Kin.Dom.2,S808G)"
O=C1C2=C(C(C3=CC=CC=N3)=NN1C4=C(Cl)C=NC=C4Cl)N=C(NC5=CC=C(N6CCN(C)CC6)C=C5)N=C2,BYOVZPSNQRPTQJ-UHFFFAOYSA-N,AKI00000021a,O60674,JAK2,JAK2(JH1domain-catalytic)
O=C1C2=C(C(C3=CC=CC=N3)=NN1C4=C(Cl)C=NC=C4Cl)N=C(NC5=CC=C(N6CCN(C)CC6)C=C5)N=C2,BYOVZPSNQRPTQJ-UHFFFAOYSA-N,AKI00000021a,P52333,JAK3,JAK3(JH1domain-catalytic)
O=C1C2=C(C(C3=CC=CC=N3)=NN1C4=C(Cl)C=NC=C4Cl)N=C(NC5=CC=C(N6CCN(C)CC6)C=C5)N=C2,BYOVZPSNQRPTQJ-UHFFFAOYSA-N,AKI00000021a,Q9Y2U5,MAP3K2,MAP3K2
O=C1C2=C(C(C3=CC=CC=N3)=NN1C4=C(Cl)C=NC=C4Cl)N=C(NC5=CC=C(N6CCN(C)CC6)C=C5)N=C2,BYOVZPSNQRPTQJ-UHFFFAOYSA-N,AKI00000021a,Q99759,MAP3K3,MAP3K3
O=C1C2=C(C(C3=CC=CC=N3)=NN1C4=C(Cl)C=NC=C4Cl)N=C(NC5=CC=C(N6CCN(C)CC6)C=C5)N=C2,BYOVZPSNQRPTQJ-UHFFFAOYSA-N,AKI00000021a,Q9Y6R4,MAP3K4,MAP3K4
O=C1C2=C(C(C3=CC=CC=N3)=NN1C4=C(Cl)C=NC=C4Cl)N=C(NC5=CC=C(N6CCN(C)CC6)C=C5)N=C2,BYOVZPSNQRPTQJ-UHFFFAOYSA-N,AKI00000021a,Q9Y4K4,MAP4K5,MAP4K5
O=C1C2=C(C(C3=CC=CC=N3)=NN1C4=C(Cl)C=NC=C4Cl)N=C(NC5=CC=C(N6CCN(C)CC6)C=C5)N=C2,BYOVZPSNQRPTQJ-UHFFFAOYSA-N,AKI00000021a,P42345,MTOR,MTOR
O=C1C2=C(C(C3=CC=CC=N3)=NN1C4=C(Cl)C=NC=C4Cl)N=C(NC5=CC=C(N6CCN(C)CC6)C=C5)N=C2,BYOVZPSNQRPTQJ-UHFFFAOYSA-N,AKI00000021a,P29597,TYK2,TYK2(JH1domain-catalytic)
O=C1C2=C(C(C3=CC=CC=N3)=NN1C4=C(Cl)C=NC=C4Cl)N=C(NC5=CC=C(N6CCN(C)CC6)C=C5)N=C2,BYOVZPSNQRPTQJ-UHFFFAOYSA-N,AKI00000021a,P30291,WEE1,WEE1
O=C1C2=C(C(C3=CC=CC=N3)=NN1C4=C(Cl)C=NC=C4Cl)N=C(NC5=CC=C(N6CCN(C)CC6)C=C5)N=C2,BYOVZPSNQRPTQJ-UHFFFAOYSA-N,AKI00000021a,P0C1S8,WEE2,WEE2
O=C1C2=C(C(C3=CC=CC=N3)=NN1C4=C(Cl)C=NC=C4Cl)N=C(NC5=CC=C(N6CCN(C)CC6)C=C5)N=C2,BYOVZPSNQRPTQJ-UHFFFAOYSA-N,AKI00000021a,Q56UN5,MAP3K19,YSK4
O=C(NC1=CC(Cl)=CC=C1)NC(C=C2)=CC=C2C3=C4C(N(C)N=C4N)=CN=C3,UUVMNPKFPGJBNX-UHFFFAOYSA-N,AKI00000047a,Q8NI60,CABC1,ADCK3
O=C(NC1=CC(Cl)=CC=C1)NC(C=C2)=CC=C2C3=C4C(N(C)N=C4N)=CN=C3,UUVMNPKFPGJBNX-UHFFFAOYSA-N,AKI00000047a,P30530,AXL,AXL
O=C(NC1=CC(Cl)=CC=C1)NC(C=C2)=CC=C2C3=C4C(N(C)N=C4N)=CN=C3,UUVMNPKFPGJBNX-UHFFFAOYSA-N,AKI00000047a,P49760,CLK2,CLK2
O=C(NC1=CC(Cl)=CC=C1)NC(C=C2)=CC=C2C3=C4C(N(C)N=C4N)=CN=C3,UUVMNPKFPGJBNX-UHFFFAOYSA-N,AKI00000047a,P07333,CSF1R,CSF1R
O=C(NC1=CC(Cl)=CC=C1)NC(C=C2)=CC=C2C3=C4C(N(C)N=C4N)=CN=C3,UUVMNPKFPGJBNX-UHFFFAOYSA-N,AKI00000047a,P49674,CSNK1E,CSNK1E
O=C(NC1=CC(Cl)=CC=C1)NC(C=C2)=CC=C2C3=C4C(N(C)N=C4N)=CN=C3,UUVMNPKFPGJBNX-UHFFFAOYSA-N,AKI00000047a,Q08345,DDR1,DDR1
O=C(NC1=CC(Cl)=CC=C1)NC(C=C2)=CC=C2C3=C4C(N(C)N=C4N)=CN=C3,UUVMNPKFPGJBNX-UHFFFAOYSA-N,AKI00000047a,Q16832,DDR2,DDR2
O=C(NC1=CC(Cl)=CC=C1)NC(C=C2)=CC=C2C3=C4C(N(C)N=C4N)=CN=C3,UUVMNPKFPGJBNX-UHFFFAOYSA-N,AKI00000047a,O94768,STK17B,DRAK2
O=C(NC1=CC(Cl)=CC=C1)NC(C=C2)=CC=C2C3=C4C(N(C)N=C4N)=CN=C3,UUVMNPKFPGJBNX-UHFFFAOYSA-N,AKI00000047a,P29323,EPHB2,EPHB2
O=C(NC1=CC(Cl)=CC=C1)NC(C=C2)=CC=C2C3=C4C(N(C)N=C4N)=CN=C3,UUVMNPKFPGJBNX-UHFFFAOYSA-N,AKI00000047a,P54753,EPHB3,EPHB3
O=C(NC1=CC(Cl)=CC=C1)NC(C=C2)=CC=C2C3=C4C(N(C)N=C4N)=CN=C3,UUVMNPKFPGJBNX-UHFFFAOYSA-N,AKI00000047a,O15197,EPHB6,EPHB6
O=C(NC1=CC(Cl)=CC=C1)NC(C=C2)=CC=C2C3=C4C(N(C)N=C4N)=CN=C3,UUVMNPKFPGJBNX-UHFFFAOYSA-N,AKI00000047a,P17948,FLT1,FLT1
O=C(NC1=CC(Cl)=CC=C1)NC(C=C2)=CC=C2C3=C4C(N(C)N=C4N)=CN=C3,UUVMNPKFPGJBNX-UHFFFAOYSA-N,AKI00000047a,P36888,FLT3,FLT3
O=C(NC1=CC(Cl)=CC=C1)NC(C=C2)=CC=C2C3=C4C(N(C)N=C4N)=CN=C3,UUVMNPKFPGJBNX-UHFFFAOYSA-N,AKI00000047a,P35916,FLT4,FLT4
O=C(NC1=CC(Cl)=CC=C1)NC(C=C2)=CC=C2C3=C4C(N(C)N=C4N)=CN=C3,UUVMNPKFPGJBNX-UHFFFAOYSA-N,AKI00000047a,Q8NE63,HIPK4,HIPK4
O=C(NC1=CC(Cl)=CC=C1)NC(C=C2)=CC=C2C3=C4C(N(C)N=C4N)=CN=C3,UUVMNPKFPGJBNX-UHFFFAOYSA-N,AKI00000047a,P10721,KIT,KIT
O=C(NC1=CC(Cl)=CC=C1)NC(C=C2)=CC=C2C3=C4C(N(C)N=C4N)=CN=C3,UUVMNPKFPGJBNX-UHFFFAOYSA-N,AKI00000047a,Q8IVH8,MAP4K3,MAP4K3
O=C(NC1=CC(Cl)=CC=C1)NC(C=C2)=CC=C2C3=C4C(N(C)N=C4N)=CN=C3,UUVMNPKFPGJBNX-UHFFFAOYSA-N,AKI00000047a,Q8WXR4,MYO3B,MYO3B
O=C(NC1=CC(Cl)=CC=C1)NC(C=C2)=CC=C2C3=C4C(N(C)N=C4N)=CN=C3,UUVMNPKFPGJBNX-UHFFFAOYSA-N,AKI00000047a,P16234,PDGFRA,PDGFRA
O=C(NC1=CC(Cl)=CC=C1)NC(C=C2)=CC=C2C3=C4C(N(C)N=C4N)=CN=C3,UUVMNPKFPGJBNX-UHFFFAOYSA-N,AKI00000047a,P09619,PDGFRB,PDGFRB
O=C(NC1=CC(Cl)=CC=C1)NC(C=C2)=CC=C2C3=C4C(N(C)N=C4N)=CN=C3,UUVMNPKFPGJBNX-UHFFFAOYSA-N,AKI00000047a,Q96Q40,CDK15,PFTAIRE2
O=C(NC1=CC(Cl)=CC=C1)NC(C=C2)=CC=C2C3=C4C(N(C)N=C4N)=CN=C3,UUVMNPKFPGJBNX-UHFFFAOYSA-N,AKI00000047a,Q8TBX8,PIP4K2C,PIP5K2C
O=C(NC1=CC(Cl)=CC=C1)NC(C=C2)=CC=C2C3=C4C(N(C)N=C4N)=CN=C3,UUVMNPKFPGJBNX-UHFFFAOYSA-N,AKI00000047a,P07949,RET,RET
O=C(NC1=CC(Cl)=CC=C1)NC(C=C2)=CC=C2C3=C4C(N(C)N=C4N)=CN=C3,UUVMNPKFPGJBNX-UHFFFAOYSA-N,AKI00000047a,P57078,RIPK4,RIPK4
O=C(NC1=CC(Cl)=CC=C1)NC(C=C2)=CC=C2C3=C4C(N(C)N=C4N)=CN=C3,UUVMNPKFPGJBNX-UHFFFAOYSA-N,AKI00000047a,Q15349,RPS6KA2,RSK3(Kin.Dom.1-N-terminal)
O=C(NC1=CC(Cl)=CC=C1)NC(C=C2)=CC=C2C3=C4C(N(C)N=C4N)=CN=C3,UUVMNPKFPGJBNX-UHFFFAOYSA-N,AKI00000047a,P12931,SRC,SRC
O=C(NC1=CC(Cl)=CC=C1)NC(C=C2)=CC=C2C3=C4C(N(C)N=C4N)=CN=C3,UUVMNPKFPGJBNX-UHFFFAOYSA-N,AKI00000047a,Q16288,NTRK3,TRKC
O=C(NC1=CC(Cl)=CC=C1)NC(C=C2)=CC=C2C3=C4C(N(C)N=C4N)=CN=C3,UUVMNPKFPGJBNX-UHFFFAOYSA-N,AKI00000047a,P35968,KDR,VEGFR2
O=C(NC1=CC(Cl)=CC=C1)NC(C=C2)=CC=C2C3=C4C(N(C)N=C4N)=CN=C3,UUVMNPKFPGJBNX-UHFFFAOYSA-N,AKI00000047a,Q56UN5,MAP3K19,YSK4
CC(C(=O)NC1CCN(C1)c1ccnc(Nc2ccc(F)cc2)n1)c1ccc(Cl)cc1,UTVWMEXPPUFQCD-UHFFFAOYSA-N,GSK1379713,Q9BYP7,WNK3,WNK3
COc1cc(Nc2nccc(n2)N2CCC(C2)NC(=O)Nc2ccc3OCOc3c2)cc(OC)c1OC,RPMUHLTUQBLTIL-UHFFFAOYSA-N,GSK1379766,O14965,AURKA,AURKA
COc1cc(Nc2nccc(n2)N2CCC(C2)NC(=O)Nc2ccc3OCOc3c2)cc(OC)c1OC,RPMUHLTUQBLTIL-UHFFFAOYSA-N,GSK1379766,Q9UQB9,AURKC,AURKC
COc1cc(Nc2nccc(n2)N2CCC(C2)NC(=O)Nc2ccc3OCOc3c2)cc(OC)c1OC,RPMUHLTUQBLTIL-UHFFFAOYSA-N,GSK1379766,O15197,EPHB6,EPHB6
COc1cc(Nc2nccc(n2)N2CCC(C2)NC(=O)Nc2ccc3OCOc3c2)cc(OC)c1OC,RPMUHLTUQBLTIL-UHFFFAOYSA-N,GSK1379766,Q92918,MAP4K1,HPK1
COc1cc(Nc2nccc(n2)N2CCC(C2)NC(=O)Nc2ccc3OCOc3c2)cc(OC)c1OC,RPMUHLTUQBLTIL-UHFFFAOYSA-N,GSK1379766,P51617,IRAK1,IRAK1
COc1cc(Nc2nccc(n2)N2CCC(C2)NC(=O)Nc2ccc3OCOc3c2)cc(OC)c1OC,RPMUHLTUQBLTIL-UHFFFAOYSA-N,GSK1379766,Q9Y616,IRAK3,IRAK3
COc1cc(Nc2nccc(n2)N2CCC(C2)NC(=O)Nc2ccc3OCOc3c2)cc(OC)c1OC,RPMUHLTUQBLTIL-UHFFFAOYSA-N,GSK1379766,O60674,JAK2,JAK2(JH1domain-catalytic)
COc1cc(Nc2nccc(n2)N2CCC(C2)NC(=O)Nc2ccc3OCOc3c2)cc(OC)c1OC,RPMUHLTUQBLTIL-UHFFFAOYSA-N,GSK1379766,Q13163,MAP2K5,MEK5
COc1cc(Nc2nccc(n2)N2CCC(C2)NC(=O)Nc2ccc3OCOc3c2)cc(OC)c1OC,RPMUHLTUQBLTIL-UHFFFAOYSA-N,GSK1379766,Q6P3R8,NEK5,NEK5
COc1cc(Nc2nccc(n2)N2CCC(C2)NC(=O)Nc2ccc3OCOc3c2)cc(OC)c1OC,RPMUHLTUQBLTIL-UHFFFAOYSA-N,GSK1379766,Q9UBF8,PI4KB,PIK4CB
COc1cc(Nc2nccc(n2)N2CCC(C2)NC(=O)Nc2ccc3OCOc3c2)cc(OC)c1OC,RPMUHLTUQBLTIL-UHFFFAOYSA-N,GSK1379766,Q8TBX8,PIP4K2C,PIP5K2C
COc1cc(Nc2nccc(n2)N2CCC(C2)NC(=O)Nc2ccc3OCOc3c2)cc(OC)c1OC,RPMUHLTUQBLTIL-UHFFFAOYSA-N,GSK1379766,Q9BRS2,RIOK1,RIOK1
COc1cc(Nc2nccc(n2)N2CCC(C2)NC(=O)Nc2ccc3OCOc3c2)cc(OC)c1OC,RPMUHLTUQBLTIL-UHFFFAOYSA-N,GSK1379766,O14730,RIOK3,RIOK3
COc1cc(Nc2nccc(n2)N2CCC(C2)NC(=O)Nc2ccc3OCOc3c2)cc(OC)c1OC,RPMUHLTUQBLTIL-UHFFFAOYSA-N,GSK1379766,Q6PHR2,ULK3,ULK3
Fc1ccc(Nc2nccc(n2)N2CCC(C2)NC(=O)c2cccc(c2)C#N)cc1,FRVXLNNIXWWUAQ-UHFFFAOYSA-N,GSK1379708,Q96J92,WNK4,WNK4
COc1cc(Nc2nccc(n2)N2CCC(C2)NC(=O)Nc2cccc(c2)C(C)=O)cc(OC)c1OC,FHPPXPQIIDRCLD-UHFFFAOYSA-N,GSK1379753,Q13705,ACVR2B,ACVR2B
COc1cc(Nc2nccc(n2)N2CCC(C2)NC(=O)Nc2cccc(c2)C(C)=O)cc(OC)c1OC,FHPPXPQIIDRCLD-UHFFFAOYSA-N,GSK1379753,O14965,AURKA,AURKA
COc1cc(Nc2nccc(n2)N2CCC(C2)NC(=O)Nc2cccc(c2)C(C)=O)cc(OC)c1OC,FHPPXPQIIDRCLD-UHFFFAOYSA-N,GSK1379753,O15197,EPHB6,EPHB6
COc1cc(Nc2nccc(n2)N2CCC(C2)NC(=O)Nc2cccc(c2)C(C)=O)cc(OC)c1OC,FHPPXPQIIDRCLD-UHFFFAOYSA-N,GSK1379753,Q9Y616,IRAK3,IRAK3
COc1cc(Nc2nccc(n2)N2CCC(C2)NC(=O)Nc2cccc(c2)C(C)=O)cc(OC)c1OC,FHPPXPQIIDRCLD-UHFFFAOYSA-N,GSK1379753,O60674,JAK2,JAK2(JH1domain-catalytic)
COc1cc(Nc2nccc(n2)N2CCC(C2)NC(=O)Nc2cccc(c2)C(C)=O)cc(OC)c1OC,FHPPXPQIIDRCLD-UHFFFAOYSA-N,GSK1379753,P10721,KIT,KIT
COc1cc(Nc2nccc(n2)N2CCC(C2)NC(=O)Nc2cccc(c2)C(C)=O)cc(OC)c1OC,FHPPXPQIIDRCLD-UHFFFAOYSA-N,GSK1379753,P29376,LTK,LTK
COc1cc(Nc2nccc(n2)N2CCC(C2)NC(=O)Nc2cccc(c2)C(C)=O)cc(OC)c1OC,FHPPXPQIIDRCLD-UHFFFAOYSA-N,GSK1379753,Q13163,MAP2K5,MEK5
COc1cc(Nc2nccc(n2)N2CCC(C2)NC(=O)Nc2cccc(c2)C(C)=O)cc(OC)c1OC,FHPPXPQIIDRCLD-UHFFFAOYSA-N,GSK1379753,Q13043,STK4,MST1
COc1cc(Nc2nccc(n2)N2CCC(C2)NC(=O)Nc2cccc(c2)C(C)=O)cc(OC)c1OC,FHPPXPQIIDRCLD-UHFFFAOYSA-N,GSK1379753,Q6P3R8,NEK5,NEK5
COc1cc(Nc2nccc(n2)N2CCC(C2)NC(=O)Nc2cccc(c2)C(C)=O)cc(OC)c1OC,FHPPXPQIIDRCLD-UHFFFAOYSA-N,GSK1379753,O75914,PAK3,PAK3
COc1cc(Nc2nccc(n2)N2CCC(C2)NC(=O)Nc2cccc(c2)C(C)=O)cc(OC)c1OC,FHPPXPQIIDRCLD-UHFFFAOYSA-N,GSK1379753,Q8TBX8,PIP4K2C,PIP5K2C
COc1cc(Nc2nccc(n2)N2CCC(C2)NC(=O)Nc2cccc(c2)C(C)=O)cc(OC)c1OC,FHPPXPQIIDRCLD-UHFFFAOYSA-N,GSK1379753,O75716,STK16,STK16
COc1cccc(CNC(=O)NC2CCN(C2)c2ccnc(Nc3cc(OC)c(OC)c(OC)c3)n2)c1,DNUXCMSJSBRGFX-UHFFFAOYSA-N,GSK1379765,Q96D53,ADCK4,ADCK4
COc1cccc(CNC(=O)NC2CCN(C2)c2ccnc(Nc3cc(OC)c(OC)c(OC)c3)n2)c1,DNUXCMSJSBRGFX-UHFFFAOYSA-N,GSK1379765,O14965,AURKA,AURKA
COc1cccc(CNC(=O)NC2CCN(C2)c2ccnc(Nc3cc(OC)c(OC)c(OC)c3)n2)c1,DNUXCMSJSBRGFX-UHFFFAOYSA-N,GSK1379765,Q96GD4,AURKB,AURKB
COc1cccc(CNC(=O)NC2CCN(C2)c2ccnc(Nc3cc(OC)c(OC)c(OC)c3)n2)c1,DNUXCMSJSBRGFX-UHFFFAOYSA-N,GSK1379765,O43683,BUB1,BUB1
COc1cccc(CNC(=O)NC2CCN(C2)c2ccnc(Nc3cc(OC)c(OC)c(OC)c3)n2)c1,DNUXCMSJSBRGFX-UHFFFAOYSA-N,GSK1379765,O15197,EPHB6,EPHB6
COc1cccc(CNC(=O)NC2CCN(C2)c2ccnc(Nc3cc(OC)c(OC)c(OC)c3)n2)c1,DNUXCMSJSBRGFX-UHFFFAOYSA-N,GSK1379765,P14616,INSRR,INSRR
COc1cccc(CNC(=O)NC2CCN(C2)c2ccnc(Nc3cc(OC)c(OC)c(OC)c3)n2)c1,DNUXCMSJSBRGFX-UHFFFAOYSA-N,GSK1379765,Q9Y616,IRAK3,IRAK3
COc1cccc(CNC(=O)NC2CCN(C2)c2ccnc(Nc3cc(OC)c(OC)c(OC)c3)n2)c1,DNUXCMSJSBRGFX-UHFFFAOYSA-N,GSK1379765,O60674,JAK2,JAK2(JH1domain-catalytic)
COc1cccc(CNC(=O)NC2CCN(C2)c2ccnc(Nc3cc(OC)c(OC)c(OC)c3)n2)c1,DNUXCMSJSBRGFX-UHFFFAOYSA-N,GSK1379765,P53671,LIMK2,LIMK2
COc1cccc(CNC(=O)NC2CCN(C2)c2ccnc(Nc3cc(OC)c(OC)c(OC)c3)n2)c1,DNUXCMSJSBRGFX-UHFFFAOYSA-N,GSK1379765,Q13163,MAP2K5,MEK5
COc1cccc(CNC(=O)NC2CCN(C2)c2ccnc(Nc3cc(OC)c(OC)c(OC)c3)n2)c1,DNUXCMSJSBRGFX-UHFFFAOYSA-N,GSK1379765,O15146,MUSK,MUSK
COc1cccc(CNC(=O)NC2CCN(C2)c2ccnc(Nc3cc(OC)c(OC)c(OC)c3)n2)c1,DNUXCMSJSBRGFX-UHFFFAOYSA-N,GSK1379765,Q6P3R8,NEK5,NEK5
COc1cccc(CNC(=O)NC2CCN(C2)c2ccnc(Nc3cc(OC)c(OC)c(OC)c3)n2)c1,DNUXCMSJSBRGFX-UHFFFAOYSA-N,GSK1379765,P42338,PIK3CB,PIK3CB
COc1cccc(CNC(=O)NC2CCN(C2)c2ccnc(Nc3cc(OC)c(OC)c(OC)c3)n2)c1,DNUXCMSJSBRGFX-UHFFFAOYSA-N,GSK1379765,Q8TBX8,PIP4K2C,PIP5K2C
COc1cccc(CNC(=O)NC2CCN(C2)c2ccnc(Nc3cc(OC)c(OC)c(OC)c3)n2)c1,DNUXCMSJSBRGFX-UHFFFAOYSA-N,GSK1379765,P35590,TIE1,TIE1
COc1cccc(CNC(=O)NC2CCN(C2)c2ccnc(Nc3cc(OC)c(OC)c(OC)c3)n2)c1,DNUXCMSJSBRGFX-UHFFFAOYSA-N,GSK1379765,Q6PHR2,ULK3,ULK3
Oc1ccc(cc1)-c1c[nH]c(=O)c2cc(sc12)-c1ccncc1,CCZJKJIDVXAPAV-UHFFFAOYSA-N,GSK1033723,Q9Y243,AKT3,AKT3
Oc1ccc(cc1)-c1c[nH]c(=O)c2cc(sc12)-c1ccncc1,CCZJKJIDVXAPAV-UHFFFAOYSA-N,GSK1033723,P30530,AXL,AXL
Oc1ccc(cc1)-c1c[nH]c(=O)c2cc(sc12)-c1ccncc1,CCZJKJIDVXAPAV-UHFFFAOYSA-N,GSK1033723,P49759,CLK1,CLK1
Oc1ccc(cc1)-c1c[nH]c(=O)c2cc(sc12)-c1ccncc1,CCZJKJIDVXAPAV-UHFFFAOYSA-N,GSK1033723,Q9HAZ1,CLK4,CLK4
Oc1ccc(cc1)-c1c[nH]c(=O)c2cc(sc12)-c1ccncc1,CCZJKJIDVXAPAV-UHFFFAOYSA-N,GSK1033723,Q09013,DMPK,DMPK
Oc1ccc(cc1)-c1c[nH]c(=O)c2cc(sc12)-c1ccncc1,CCZJKJIDVXAPAV-UHFFFAOYSA-N,GSK1033723,Q13627,DYRK1A,DYRK1A
Oc1ccc(cc1)-c1c[nH]c(=O)c2cc(sc12)-c1ccncc1,CCZJKJIDVXAPAV-UHFFFAOYSA-N,GSK1033723,Q9Y463,DYRK1B,DYRK1B
Oc1ccc(cc1)-c1c[nH]c(=O)c2cc(sc12)-c1ccncc1,CCZJKJIDVXAPAV-UHFFFAOYSA-N,GSK1033723,Q92630,DYRK2,DYRK2
Oc1ccc(cc1)-c1c[nH]c(=O)c2cc(sc12)-c1ccncc1,CCZJKJIDVXAPAV-UHFFFAOYSA-N,GSK1033723,Q8TF76,GSG2,HASPIN
Oc1ccc(cc1)-c1c[nH]c(=O)c2cc(sc12)-c1ccncc1,CCZJKJIDVXAPAV-UHFFFAOYSA-N,GSK1033723,Q9H422,HIPK3,HIPK3
Oc1ccc(cc1)-c1c[nH]c(=O)c2cc(sc12)-c1ccncc1,CCZJKJIDVXAPAV-UHFFFAOYSA-N,GSK1033723,P06213,INSR,INSR
Oc1ccc(cc1)-c1c[nH]c(=O)c2cc(sc12)-c1ccncc1,CCZJKJIDVXAPAV-UHFFFAOYSA-N,GSK1033723,Q02763,TEK,TIE2
Oc1ccc(cc1)-c1c[nH]c(=O)c2cc(sc12)-c1ccncc1,CCZJKJIDVXAPAV-UHFFFAOYSA-N,GSK1033723,Q56UN5,MAP3K19,YSK4
COc1cccc(NC(=O)NC2CCN(C2)c2ccnc(Nc3cc(OC)c(OC)c(OC)c3)n2)c1,JWYSBCWFKGORAC-UHFFFAOYSA-N,GSK1379763,P27037,ACVR2A,ACVR2A
COc1cccc(NC(=O)NC2CCN(C2)c2ccnc(Nc3cc(OC)c(OC)c(OC)c3)n2)c1,JWYSBCWFKGORAC-UHFFFAOYSA-N,GSK1379763,Q9UQB9,AURKC,AURKC
COc1cccc(NC(=O)NC2CCN(C2)c2ccnc(Nc3cc(OC)c(OC)c(OC)c3)n2)c1,JWYSBCWFKGORAC-UHFFFAOYSA-N,GSK1379763,O15197,EPHB6,EPHB6
COc1cccc(NC(=O)NC2CCN(C2)c2ccnc(Nc3cc(OC)c(OC)c(OC)c3)n2)c1,JWYSBCWFKGORAC-UHFFFAOYSA-N,GSK1379763,Q9H422,HIPK3,HIPK3
COc1cccc(NC(=O)NC2CCN(C2)c2ccnc(Nc3cc(OC)c(OC)c(OC)c3)n2)c1,JWYSBCWFKGORAC-UHFFFAOYSA-N,GSK1379763,Q9Y616,IRAK3,IRAK3
COc1cccc(NC(=O)NC2CCN(C2)c2ccnc(Nc3cc(OC)c(OC)c(OC)c3)n2)c1,JWYSBCWFKGORAC-UHFFFAOYSA-N,GSK1379763,O60674,JAK2,JAK2(JH1domain-catalytic)
COc1cccc(NC(=O)NC2CCN(C2)c2ccnc(Nc3cc(OC)c(OC)c(OC)c3)n2)c1,JWYSBCWFKGORAC-UHFFFAOYSA-N,GSK1379763,P10721,KIT,KIT
COc1cccc(NC(=O)NC2CCN(C2)c2ccnc(Nc3cc(OC)c(OC)c(OC)c3)n2)c1,JWYSBCWFKGORAC-UHFFFAOYSA-N,GSK1379763,Q13233,MAP3K1,MAP3K1
COc1cccc(NC(=O)NC2CCN(C2)c2ccnc(Nc3cc(OC)c(OC)c(OC)c3)n2)c1,JWYSBCWFKGORAC-UHFFFAOYSA-N,GSK1379763,Q9Y4K4,MAP4K5,MAP4K5
COc1cccc(NC(=O)NC2CCN(C2)c2ccnc(Nc3cc(OC)c(OC)c(OC)c3)n2)c1,JWYSBCWFKGORAC-UHFFFAOYSA-N,GSK1379763,Q13163,MAP2K5,MEK5
COc1cccc(NC(=O)NC2CCN(C2)c2ccnc(Nc3cc(OC)c(OC)c(OC)c3)n2)c1,JWYSBCWFKGORAC-UHFFFAOYSA-N,GSK1379763,Q6P3R8,NEK5,NEK5
COc1cccc(NC(=O)NC2CCN(C2)c2ccnc(Nc3cc(OC)c(OC)c(OC)c3)n2)c1,JWYSBCWFKGORAC-UHFFFAOYSA-N,GSK1379763,P09619,PDGFRB,PDGFRB
COc1cccc(NC(=O)NC2CCN(C2)c2ccnc(Nc3cc(OC)c(OC)c(OC)c3)n2)c1,JWYSBCWFKGORAC-UHFFFAOYSA-N,GSK1379763,Q8TBX8,PIP4K2C,PIP5K2C
COc1cccc(NC(=O)NC2CCN(C2)c2ccnc(Nc3cc(OC)c(OC)c(OC)c3)n2)c1,JWYSBCWFKGORAC-UHFFFAOYSA-N,GSK1379763,Q9BRS2,RIOK1,RIOK1
COc1cccc(NC(=O)NC2CCN(C2)c2ccnc(Nc3cc(OC)c(OC)c(OC)c3)n2)c1,JWYSBCWFKGORAC-UHFFFAOYSA-N,GSK1379763,O14730,RIOK3,RIOK3
COc1cccc(NC(=O)NC2CCN(C2)c2ccnc(Nc3cc(OC)c(OC)c(OC)c3)n2)c1,JWYSBCWFKGORAC-UHFFFAOYSA-N,GSK1379763,Q16288,NTRK3,TRKC
COc1cccc(NC(=O)NC2CCN(C2)c2ccnc(Nc3cc(OC)c(OC)c(OC)c3)n2)c1,JWYSBCWFKGORAC-UHFFFAOYSA-N,GSK1379763,Q6PHR2,ULK3,ULK3
CS(=O)(=O)c1ccccc1-c1nc(c([nH]1)-c1ccncc1)-c1ccc(F)cc1,SCVJGNCJNHIZPW-UHFFFAOYSA-N,SB-213663,O96017,CHEK2,CHEK2
CS(=O)(=O)c1ccccc1-c1nc(c([nH]1)-c1ccncc1)-c1ccc(F)cc1,SCVJGNCJNHIZPW-UHFFFAOYSA-N,SB-213663,O14578,CIT,CIT
CS(=O)(=O)c1ccccc1-c1nc(c([nH]1)-c1ccncc1)-c1ccc(F)cc1,SCVJGNCJNHIZPW-UHFFFAOYSA-N,SB-213663,Q6DT37,CDC42BPG,DMPK2
CS(=O)(=O)c1ccccc1-c1nc(c([nH]1)-c1ccncc1)-c1ccc(F)cc1,SCVJGNCJNHIZPW-UHFFFAOYSA-N,SB-213663,P45983,MAPK8,JNK1
CS(=O)(=O)c1ccccc1-c1nc(c([nH]1)-c1ccncc1)-c1ccc(F)cc1,SCVJGNCJNHIZPW-UHFFFAOYSA-N,SB-213663,P45984,MAPK9,JNK2
CS(=O)(=O)c1ccccc1-c1nc(c([nH]1)-c1ccncc1)-c1ccc(F)cc1,SCVJGNCJNHIZPW-UHFFFAOYSA-N,SB-213663,P53779,MAPK10,JNK3
CS(=O)(=O)c1ccccc1-c1nc(c([nH]1)-c1ccncc1)-c1ccc(F)cc1,SCVJGNCJNHIZPW-UHFFFAOYSA-N,SB-213663,Q15746,MYLK,MYLK
CS(=O)(=O)c1ccccc1-c1nc(c([nH]1)-c1ccncc1)-c1ccc(F)cc1,SCVJGNCJNHIZPW-UHFFFAOYSA-N,SB-213663,Q16539,MAPK14,p38-alpha
CS(=O)(=O)c1ccccc1-c1nc(c([nH]1)-c1ccncc1)-c1ccc(F)cc1,SCVJGNCJNHIZPW-UHFFFAOYSA-N,SB-213663,Q9UHD2,TBK1,TBK1
NC(=O)c1cc(cc2c(c[nH]c12)C1CCNCC1)-c1ccccc1,VNEKCIHPKSZINU-UHFFFAOYSA-N,GSK301362,Q6P2M8,PNCK,CAMK1B
NC(=O)c1cc(cc2c(c[nH]c12)C1CCNCC1)-c1ccccc1,VNEKCIHPKSZINU-UHFFFAOYSA-N,GSK301362,O14920,IKBKB,IKK-beta
NC(=O)c1cc(cc2c(c[nH]c12)C1CCNCC1)-c1ccccc1,VNEKCIHPKSZINU-UHFFFAOYSA-N,GSK301362,P23458,JAK1,JAK1(JH2domain-pseudokinase)
NC(=O)c1cc(cc2c(c[nH]c12)C1CCNCC1)-c1ccccc1,VNEKCIHPKSZINU-UHFFFAOYSA-N,GSK301362,O60674,JAK2,JAK2(JH1domain-catalytic)
NC(=O)c1cc(cc2c(c[nH]c12)C1CCNCC1)-c1ccccc1,VNEKCIHPKSZINU-UHFFFAOYSA-N,GSK301362,Q13188,STK3,MST2
NC(=O)c1cc(cc2c(c[nH]c12)C1CCNCC1)-c1ccccc1,VNEKCIHPKSZINU-UHFFFAOYSA-N,GSK301362,Q86YV6,MYLK4,MYLK4
NC(=O)c1cc(cc2c(c[nH]c12)C1CCNCC1)-c1ccccc1,VNEKCIHPKSZINU-UHFFFAOYSA-N,GSK301362,Q9H093,NUAK2,SNARK
NC(=O)c1cc(cc2c(c[nH]c12)C1CCNCC1)-c1ccccc1,VNEKCIHPKSZINU-UHFFFAOYSA-N,GSK301362,Q7L7X3,TAOK1,TAOK1
NC(=O)c1cc(cc2c(c[nH]c12)C1CCNCC1)-c1ccccc1,VNEKCIHPKSZINU-UHFFFAOYSA-N,GSK301362,Q9H2K8,TAOK3,TAOK3
NC(=O)c1cc(cc2c(c[nH]c12)C1CCNCC1)-c1ccccc1,VNEKCIHPKSZINU-UHFFFAOYSA-N,GSK301362,P29597,TYK2,TYK2(JH2domain-pseudokinase)
Fc1ccc(CNc2nccc(NCCNC(=O)c3cc4ccccc4s3)n2)cc1,HPIYDXWBJUHQIS-UHFFFAOYSA-N,GSK1379944,O14936,CASK,CASK
Fc1ccc(CNc2nccc(NCCNC(=O)c3cc4ccccc4s3)n2)cc1,HPIYDXWBJUHQIS-UHFFFAOYSA-N,GSK1379944,Q00526,CDK3,CDK3
Fc1ccc(CNc2nccc(NCCNC(=O)c3cc4ccccc4s3)n2)cc1,HPIYDXWBJUHQIS-UHFFFAOYSA-N,GSK1379944,P11802,CDK4,CDK4-cyclinD1
Fc1ccc(CNc2nccc(NCCNC(=O)c3cc4ccccc4s3)n2)cc1,HPIYDXWBJUHQIS-UHFFFAOYSA-N,GSK1379944,O14757,CHEK1,CHEK1
Fc1ccc(CNc2nccc(NCCNC(=O)c3cc4ccccc4s3)n2)cc1,HPIYDXWBJUHQIS-UHFFFAOYSA-N,GSK1379944,P78368,CSNK1G2,CSNK1G2
Fc1ccc(CNc2nccc(NCCNC(=O)c3cc4ccccc4s3)n2)cc1,HPIYDXWBJUHQIS-UHFFFAOYSA-N,GSK1379944,O43293,DAPK3,DAPK3
Fc1ccc(CNc2nccc(NCCNC(=O)c3cc4ccccc4s3)n2)cc1,HPIYDXWBJUHQIS-UHFFFAOYSA-N,GSK1379944,Q08345,DDR1,DDR1
Fc1ccc(CNc2nccc(NCCNC(=O)c3cc4ccccc4s3)n2)cc1,HPIYDXWBJUHQIS-UHFFFAOYSA-N,GSK1379944,P29323,EPHB2,EPHB2
Fc1ccc(CNc2nccc(NCCNC(=O)c3cc4ccccc4s3)n2)cc1,HPIYDXWBJUHQIS-UHFFFAOYSA-N,GSK1379944,P27361,MAPK3,ERK1
Fc1ccc(CNc2nccc(NCCNC(=O)c3cc4ccccc4s3)n2)cc1,HPIYDXWBJUHQIS-UHFFFAOYSA-N,GSK1379944,P22455,FGFR4,FGFR4
Fc1ccc(CNc2nccc(NCCNC(=O)c3cc4ccccc4s3)n2)cc1,HPIYDXWBJUHQIS-UHFFFAOYSA-N,GSK1379944,O14920,IKBKB,IKK-beta
Fc1ccc(CNc2nccc(NCCNC(=O)c3cc4ccccc4s3)n2)cc1,HPIYDXWBJUHQIS-UHFFFAOYSA-N,GSK1379944,P51617,IRAK1,IRAK1
Fc1ccc(CNc2nccc(NCCNC(=O)c3cc4ccccc4s3)n2)cc1,HPIYDXWBJUHQIS-UHFFFAOYSA-N,GSK1379944,Q6P3R8,NEK5,NEK5
Fc1ccc(CNc2nccc(NCCNC(=O)c3cc4ccccc4s3)n2)cc1,HPIYDXWBJUHQIS-UHFFFAOYSA-N,GSK1379944,Q9UBE8,NLK,NLK
Fc1ccc(CNc2nccc(NCCNC(=O)c3cc4ccccc4s3)n2)cc1,HPIYDXWBJUHQIS-UHFFFAOYSA-N,GSK1379944,P09619,PDGFRB,PDGFRB
Fc1ccc(CNc2nccc(NCCNC(=O)c3cc4ccccc4s3)n2)cc1,HPIYDXWBJUHQIS-UHFFFAOYSA-N,GSK1379944,O60331,PIP5K1C,PIP5K1C
Fc1ccc(CNc2nccc(NCCNC(=O)c3cc4ccccc4s3)n2)cc1,HPIYDXWBJUHQIS-UHFFFAOYSA-N,GSK1379944,Q02156,PRKCE,PRKCE
Fc1ccc(CNc2nccc(NCCNC(=O)c3cc4ccccc4s3)n2)cc1,HPIYDXWBJUHQIS-UHFFFAOYSA-N,GSK1379944,O94806,PRKD3,PRKD3
Fc1ccc(CNc2nccc(NCCNC(=O)c3cc4ccccc4s3)n2)cc1,HPIYDXWBJUHQIS-UHFFFAOYSA-N,GSK1379944,P07949,RET,RET
COc1cc(Nc2nccc(n2)N2CCC(C2)NC(=O)Nc2cccc(c2)C(C)=O)cc(OC)c1OC,FHPPXPQIIDRCLD-UHFFFAOYSA-N,GSK1379753,Q16288,NTRK3,TRKC
Cc1ccc2c(cnn2n1)-c1ccnc(Nc2ccc(cc2)C(F)(F)F)n1,LOAIUSJMQXSEBK-UHFFFAOYSA-N,GW819776,Q8IVW4,CDKL3,CDKL3
Cc1ccc2c(cnn2n1)-c1ccnc(Nc2ccc(cc2)C(F)(F)F)n1,LOAIUSJMQXSEBK-UHFFFAOYSA-N,GW819776,P49759,CLK1,CLK1
Cc1ccc2c(cnn2n1)-c1ccnc(Nc2ccc(cc2)C(F)(F)F)n1,LOAIUSJMQXSEBK-UHFFFAOYSA-N,GW819776,Q8TD08,MAPK15,ERK8
Cc1ccc2c(cnn2n1)-c1ccnc(Nc2ccc(cc2)C(F)(F)F)n1,LOAIUSJMQXSEBK-UHFFFAOYSA-N,GW819776,Q86Z02,HIPK1,HIPK1
Cc1ccc2c(cnn2n1)-c1ccnc(Nc2ccc(cc2)C(F)(F)F)n1,LOAIUSJMQXSEBK-UHFFFAOYSA-N,GW819776,Q9H2X6,HIPK2,HIPK2
Cc1ccc2c(cnn2n1)-c1ccnc(Nc2ccc(cc2)C(F)(F)F)n1,LOAIUSJMQXSEBK-UHFFFAOYSA-N,GW819776,Q9H422,HIPK3,HIPK3
Cc1ccc2c(cnn2n1)-c1ccnc(Nc2ccc(cc2)C(F)(F)F)n1,LOAIUSJMQXSEBK-UHFFFAOYSA-N,GW819776,P45983,MAPK8,JNK1
Cc1ccc2c(cnn2n1)-c1ccnc(Nc2ccc(cc2)C(F)(F)F)n1,LOAIUSJMQXSEBK-UHFFFAOYSA-N,GW819776,P53779,MAPK10,JNK3
Cc1ccc2c(cnn2n1)-c1ccnc(Nc2ccc(cc2)C(F)(F)F)n1,LOAIUSJMQXSEBK-UHFFFAOYSA-N,GW819776,P10721,KIT,KIT
Cc1ccc2c(cnn2n1)-c1ccnc(Nc2ccc(cc2)C(F)(F)F)n1,LOAIUSJMQXSEBK-UHFFFAOYSA-N,GW819776,P46734,MAP2K3,MEK3
Cc1ccc2c(cnn2n1)-c1ccnc(Nc2ccc(cc2)C(F)(F)F)n1,LOAIUSJMQXSEBK-UHFFFAOYSA-N,GW819776,P51956,NEK3,NEK3
Cc1ccc2c(cnn2n1)-c1ccnc(Nc2ccc(cc2)C(F)(F)F)n1,LOAIUSJMQXSEBK-UHFFFAOYSA-N,GW819776,Q6P3R8,NEK5,NEK5
Cc1ccc2c(cnn2n1)-c1ccnc(Nc2ccc(cc2)C(F)(F)F)n1,LOAIUSJMQXSEBK-UHFFFAOYSA-N,GW819776,Q8TBX8,PIP4K2C,PIP5K2C
Cc1ccc2c(cnn2n1)-c1ccnc(Nc2ccc(cc2)C(F)(F)F)n1,LOAIUSJMQXSEBK-UHFFFAOYSA-N,GW819776,Q9BVS4,RIOK2,RIOK2
CC(C)(C)c1ccc2nccc(Nc3cccc(O)c3)c2c1,YLGOFBVUMIJIPS-UHFFFAOYSA-N,GW856795,P00519,ABL1,ABL1-phosphorylated
CC(C)(C)c1ccc2nccc(Nc3cccc(O)c3)c2c1,YLGOFBVUMIJIPS-UHFFFAOYSA-N,GW856795,P04626,ERBB2,ERBB2
CC(C)(C)c1ccc2nccc(Nc3cccc(O)c3)c2c1,YLGOFBVUMIJIPS-UHFFFAOYSA-N,GW856795,P42685,FRK,FRK
CC(C)(C)c1ccc2nccc(Nc3cccc(O)c3)c2c1,YLGOFBVUMIJIPS-UHFFFAOYSA-N,GW856795,P06239,LCK,LCK
CC(C)(C)c1ccc2nccc(Nc3cccc(O)c3)c2c1,YLGOFBVUMIJIPS-UHFFFAOYSA-N,GW856795,Q12851,MAP4K2,MAP4K2
CC(C)(C)c1ccc2nccc(Nc3cccc(O)c3)c2c1,YLGOFBVUMIJIPS-UHFFFAOYSA-N,GW856795,P16234,PDGFRA,PDGFRA
CC(C)(C)c1ccc2nccc(Nc3cccc(O)c3)c2c1,YLGOFBVUMIJIPS-UHFFFAOYSA-N,GW856795,O15530,PDPK1,PDPK1
CC(C)(C)c1ccc2nccc(Nc3cccc(O)c3)c2c1,YLGOFBVUMIJIPS-UHFFFAOYSA-N,GW856795,P17612,PRKACA,PKAC-alpha
CC(C)(C)c1ccc2nccc(Nc3cccc(O)c3)c2c1,YLGOFBVUMIJIPS-UHFFFAOYSA-N,GW856795,P07949,RET,RET
CC(C)(C)c1ccc2nccc(Nc3cccc(O)c3)c2c1,YLGOFBVUMIJIPS-UHFFFAOYSA-N,GW856795,P12931,SRC,SRC
CC(C)(C)c1ccc2nccc(Nc3cccc(O)c3)c2c1,YLGOFBVUMIJIPS-UHFFFAOYSA-N,GW856795,Q7L7X3,TAOK1,TAOK1
CC(C)(C)c1ccc2nccc(Nc3cccc(O)c3)c2c1,YLGOFBVUMIJIPS-UHFFFAOYSA-N,GW856795,P37173,TGFBR2,TGFBR2
CC(C)(C)c1ccc2nccc(Nc3cccc(O)c3)c2c1,YLGOFBVUMIJIPS-UHFFFAOYSA-N,GW856795,Q86Y07,VRK2,VRK2
CCn1c(nc2c(nc(OCCN)cc12)C#CC(C)(C)O)-c1nonc1N,UZANYRRVDZSQGV-UHFFFAOYSA-N,GSK902056,P31749,AKT1,AKT1
CCn1c(nc2c(nc(OCCN)cc12)C#CC(C)(C)O)-c1nonc1N,UZANYRRVDZSQGV-UHFFFAOYSA-N,GSK902056,P31751,AKT2,AKT2
CCn1c(nc2c(nc(OCCN)cc12)C#CC(C)(C)O)-c1nonc1N,UZANYRRVDZSQGV-UHFFFAOYSA-N,GSK902056,Q9Y243,AKT3,AKT3
CCn1c(nc2c(nc(OCCN)cc12)C#CC(C)(C)O)-c1nonc1N,UZANYRRVDZSQGV-UHFFFAOYSA-N,GSK902056,P21802,FGFR2,FGFR2
CCn1c(nc2c(nc(OCCN)cc12)C#CC(C)(C)O)-c1nonc1N,UZANYRRVDZSQGV-UHFFFAOYSA-N,GSK902056,Q9P286,PAK7,PAK7
CCn1c(nc2c(nc(OCCN)cc12)C#CC(C)(C)O)-c1nonc1N,UZANYRRVDZSQGV-UHFFFAOYSA-N,GSK902056,Q05655,PRKCD,PRKCD
CCn1c(nc2c(nc(OCCN)cc12)C#CC(C)(C)O)-c1nonc1N,UZANYRRVDZSQGV-UHFFFAOYSA-N,GSK902056,Q02156,PRKCE,PRKCE
CCn1c(nc2c(nc(OCCN)cc12)C#CC(C)(C)O)-c1nonc1N,UZANYRRVDZSQGV-UHFFFAOYSA-N,GSK902056,P24723,PRKCH,PRKCH
CCn1c(nc2c(nc(OCCN)cc12)C#CC(C)(C)O)-c1nonc1N,UZANYRRVDZSQGV-UHFFFAOYSA-N,GSK902056,Q04759,PRKCQ,PRKCQ
CCn1c(nc2c(nc(OCCN)cc12)C#CC(C)(C)O)-c1nonc1N,UZANYRRVDZSQGV-UHFFFAOYSA-N,GSK902056,Q13237,PRKG2,PRKG2
CCn1c(nc2c(nc(OCCN)cc12)C#CC(C)(C)O)-c1nonc1N,UZANYRRVDZSQGV-UHFFFAOYSA-N,GSK902056,P51817,PRKX,PRKX
CCn1c(nc2c(nc(OCCN)cc12)C#CC(C)(C)O)-c1nonc1N,UZANYRRVDZSQGV-UHFFFAOYSA-N,GSK902056,O75676,RPS6KA4,RPS6KA4(Kin.Dom.2-C-terminal)
CCn1c(nc2c(nc(OCCN)cc12)C#CC(C)(C)O)-c1nonc1N,UZANYRRVDZSQGV-UHFFFAOYSA-N,GSK902056,Q56UN5,MAP3K19,YSK4
